0, 0.000188
4, 0.000194
8, 0.000194
12, 0.000199
17, 0.000198
21, 0.000198
25, 0.000192
30, 0.000210
34, 0.000191
38, 0.000195
42, 0.000207
47, 0.000220
51, 0.000215
55, 0.000283
60, 0.000407
64, 0.000094
68, 0.000087
72, 0.000119
77, 0.000150
81, 0.000098
85, 0.000232
90, 0.000102
94, 0.000179
98, 0.000272
103, 0.000375
107, 0.000191
111, 0.000178
115, 0.000098
120, 0.000192
124, 0.000179
128, 0.000293
133, 0.000204
137, 0.000250
141, 0.000179
145, 0.000188
150, 0.000123
154, 0.000302
158, 0.000280
163, 0.000249
167, 0.000116
171, 0.000302
176, 0.000671
180, 0.000967
184, 0.001198
188, 0.000791
193, 0.000808
197, 0.000994
201, 0.000453
206, 0.000441
210, 0.000225
214, 0.000202
218, 0.000217
223, 0.000233
227, 0.000282
231, 0.000244
236, 0.000206
240, 0.000108
244, 0.000125
249, 0.000131
253, 0.000179
257, 0.000245
261, 0.000390
266, 0.000282
270, 0.000134
274, 0.000195
279, 0.000264
283, 0.000228
287, 0.000183
291, 0.000141
296, 0.000168
300, 0.000235
304, 0.000206
309, 0.000213
313, 0.000029
317, 0.000255
322, 0.000320
326, 0.000277
330, 0.000156
334, 0.000157
339, 0.000408
343, 0.000406
347, 0.000107
352, 0.000156
356, 0.001272
360, 0.000907
364, 0.001206
369, 0.002080
373, 0.004053
377, 0.003254
382, 0.002469
386, 0.000943
390, 0.000678
395, 0.000883
399, 0.001171
403, 0.001050
407, 0.000706
412, 0.000566
416, 0.000398
420, 0.000150
425, 0.000189
429, 0.000154
433, 0.000156
437, 0.000274
442, 0.000271
446, 0.000133
450, 0.000193
455, 0.000374
459, 0.000310
463, 0.000250
468, 0.000091
472, 0.000064
476, 0.000261
480, 0.000312
485, 0.000200
489, 0.000063
493, 0.000118
498, 0.000420
502, 0.000378
506, 0.000243
510, 0.000318
515, 0.000649
519, 0.000551
523, 0.000539
528, 0.000714
532, 0.000604
536, 0.000504
541, 0.001185
545, 0.001994
549, 0.002005
553, 0.002416
558, 0.001900
562, 0.001120
566, 0.001283
571, 0.000950
575, 0.000944
579, 0.000518
583, 0.000653
588, 0.000389
592, 0.000872
596, 0.000479
601, 0.000483
605, 0.000154
609, 0.000310
614, 0.000525
618, 0.000638
622, 0.000404
626, 0.000047
631, 0.000213
635, 0.000495
639, 0.000741
644, 0.000680
648, 0.000326
652, 0.000399
656, 0.000801
661, 0.000975
665, 0.000846
669, 0.000490
674, 0.000132
678, 0.000313
682, 0.000321
687, 0.000294
691, 0.000582
695, 0.000852
699, 0.000743
704, 0.000542
708, 0.000448
712, 0.000470
717, 0.000143
721, 0.000355
725, 0.000616
729, 0.000301
734, 0.000404
738, 0.000176
742, 0.000443
747, 0.000239
751, 0.000138
755, 0.000337
759, 0.000246
764, 0.000306
768, 0.000124
772, 0.000105
777, 0.000234
781, 0.000322
785, 0.000311
790, 0.000151
794, 0.000074
798, 0.000188
802, 0.000287
807, 0.000284
811, 0.000154
815, 0.000169
820, 0.000214
824, 0.000210
828, 0.000200
832, 0.000188
837, 0.000214
841, 0.000164
845, 0.000094
850, 0.000226
854, 0.000321
858, 0.000281
863, 0.000083
867, 0.000215
871, 0.000285
875, 0.000134
880, 0.000140
884, 0.000254
888, 0.000195
893, 0.000129
897, 0.000264
901, 0.000222
905, 0.000085
910, 0.000313
914, 0.000141
918, 0.000185
923, 0.000196
927, 0.000181
931, 0.000169
936, 0.000204
940, 0.000255
944, 0.000186
948, 0.000175
953, 0.000185
957, 0.000193
961, 0.000206
966, 0.000217
970, 0.000195
974, 0.000155
978, 0.000181
983, 0.000176
987, 0.000198
991, 0.000215
996, 0.000164
1000, 0.000155
1004, 0.000187
1009, 0.000233
1013, 0.000214
1017, 0.000174
1021, 0.000221
1026, 0.000231
1030, 0.000178
1034, 0.000137
1039, 0.000200
1043, 0.000210
1047, 0.000158
1051, 0.000213
1056, 0.000226
1060, 0.000147
1064, 0.000192
1069, 0.000224
1073, 0.000176
1077, 0.000146
1082, 0.000213
1086, 0.000179
1090, 0.000167
1094, 0.000224
1099, 0.000128
1103, 0.000183
1107, 0.000188
1112, 0.000181
1116, 0.000171
1120, 0.000160
1124, 0.000185
1129, 0.000189
1133, 0.000190
1137, 0.000186
1142, 0.000175
1146, 0.000181
1150, 0.000182
1155, 0.000184
1159, 0.000196
1163, 0.000205
1167, 0.000189
1172, 0.000169
1176, 0.000179
1180, 0.000197
1185, 0.000194
1189, 0.000156
1193, 0.000184
1197, 0.000188
1202, 0.000173
1206, 0.000167
1210, 0.000187
1215, 0.000190
1219, 0.000181
1223, 0.000186
1228, 0.000201
1232, 0.000190
1236, 0.000161
1240, 0.000205
1245, 0.000202
1249, 0.000186
1253, 0.000170
1258, 0.000204
1262, 0.000179
1266, 0.000218
1270, 0.000215
1275, 0.000159
1279, 0.000202
1283, 0.000169
1288, 0.000181
1292, 0.000188
1296, 0.000188
1301, 0.000203
1305, 0.000156
1309, 0.000185
1313, 0.000191
1318, 0.000188
1322, 0.000182
1326, 0.000180
1331, 0.000187
1335, 0.000205
1339, 0.000196
1343, 0.000168
1348, 0.000177
1352, 0.000191
1356, 0.000204
1361, 0.000172
1365, 0.000160
1369, 0.000193
1374, 0.000202
1378, 0.000182
1382, 0.000185
1386, 0.000187
1391, 0.000171
1395, 0.000172
1399, 0.000201
1404, 0.000196
1408, 0.000168
1412, 0.000195
1416, 0.000195
1421, 0.000179
1425, 0.000193
1429, 0.000193
1434, 0.000184
1438, 0.000185
1442, 0.000186
1446, 0.000171
1451, 0.000191
1455, 0.000166
1459, 0.000166
1464, 0.000187
1468, 0.000167
1472, 0.000187
1477, 0.000192
1481, 0.000180
1485, 0.000194
1489, 0.000198
1494, 0.000189
1498, 0.000173
1502, 0.000174
1507, 0.000187
1511, 0.000201
1515, 0.000180
1519, 0.000175
1524, 0.000191
1528, 0.000176
1532, 0.000158
1537, 0.000184
1541, 0.000206
1545, 0.000177
1550, 0.000160
1554, 0.000190
1558, 0.000199
1562, 0.000175
1567, 0.000180
1571, 0.000203
1575, 0.000186
1580, 0.000180
1584, 0.000199
1588, 0.000186
1592, 0.000174
1597, 0.000206
1601, 0.000183
1605, 0.000181
1610, 0.000192
1614, 0.000176
1618, 0.000178
1623, 0.000186
1627, 0.000230
1631, 0.000142
1635, 0.000196
1640, 0.000177
1644, 0.000198
1648, 0.000204
1653, 0.000173
1657, 0.000168
1661, 0.000202
1665, 0.000171
1670, 0.000188
1674, 0.000182
1678, 0.000187
1683, 0.000199
1687, 0.000171
1691, 0.000176
1696, 0.000186
1700, 0.000173
1704, 0.000188
1708, 0.000186
1713, 0.000195
1717, 0.000176
1721, 0.000158
1726, 0.000208
1730, 0.000212
1734, 0.000175
1738, 0.000168
1743, 0.000192
1747, 0.000184
1751, 0.000170
1756, 0.000197
1760, 0.000194
1764, 0.000159
1769, 0.000176
1773, 0.000202
1777, 0.000176
1781, 0.000196
1786, 0.000174
1790, 0.000174
1794, 0.000181
1799, 0.000204
1803, 0.000192
1807, 0.000148
1811, 0.000228
1816, 0.000140
1820, 0.000220
1824, 0.000167
1829, 0.000147
1833, 0.000198
1837, 0.000202
1842, 0.000172
1846, 0.000178
1850, 0.000150
1854, 0.000200
1859, 0.000205
1863, 0.000164
1867, 0.000196
1872, 0.000192
1876, 0.000180
1880, 0.000182
1884, 0.000198
1889, 0.000199
1893, 0.000160
1897, 0.000173
1902, 0.000223
1906, 0.000177
1910, 0.000147
1915, 0.000203
1919, 0.000192
1923, 0.000142
1927, 0.000177
1932, 0.000221
1936, 0.000163
1940, 0.000165
1945, 0.000211
1949, 0.000169
1953, 0.000187
1957, 0.000238
1962, 0.000175
1966, 0.000170
1970, 0.000208
1975, 0.000212
1979, 0.000158
1983, 0.000198
1988, 0.000189
1992, 0.000169
1996, 0.000237
2000, 0.000094
2005, 0.000206
2009, 0.000212
2013, 0.000151
2018, 0.000157
2022, 0.000174
2026, 0.000193
2030, 0.000201
2035, 0.000155
2039, 0.000196
2043, 0.000241
2048, 0.000167
2052, 0.000181
2056, 0.000214
2061, 0.000211
2065, 0.000188
2069, 0.000178
2073, 0.000202
2078, 0.000133
2082, 0.000142
2086, 0.000245
2091, 0.000216
2095, 0.000123
2099, 0.000145
2103, 0.000191
2108, 0.000174
2112, 0.000190
2116, 0.000197
2121, 0.000134
2125, 0.000226
2129, 0.000253
2134, 0.000161
2138, 0.000169
2142, 0.000273
2146, 0.000209
2151, 0.000210
2155, 0.000158
2159, 0.000186
2164, 0.000164
2168, 0.000226
2172, 0.000201
2176, 0.000130
2181, 0.000276
2185, 0.000092
2189, 0.000146
2194, 0.000233
2198, 0.000187
2202, 0.000168
2206, 0.000115
2211, 0.000211
2215, 0.000260
2219, 0.000196
2224, 0.000185
2228, 0.000293
2232, 0.000138
2237, 0.000177
2241, 0.000250
2245, 0.000297
2249, 0.000212
2254, 0.000063
2258, 0.000262
2262, 0.000311
2267, 0.000135
2271, 0.000116
2275, 0.000173
2279, 0.000199
2284, 0.000188
2288, 0.000147
2292, 0.000103
2297, 0.000157
2301, 0.000260
2305, 0.000214
2310, 0.000116
2314, 0.000225
2318, 0.000262
2322, 0.000129
2327, 0.000216
2331, 0.000170
2335, 0.000225
2340, 0.000219
2344, 0.000240
2348, 0.000057
2352, 0.000324
2357, 0.000379
2361, 0.000048
2365, 0.000272
2370, 0.000175
2374, 0.000229
2378, 0.000252
2383, 0.000037
2387, 0.000232
2391, 0.000259
2395, 0.000122
2400, 0.000288
2404, 0.000319
2408, 0.000111
2413, 0.000233
2417, 0.000383
2421, 0.000398
2425, 0.000097
2430, 0.000119
2434, 0.000381
2438, 0.000201
2443, 0.000133
2447, 0.000361
2451, 0.000253
2456, 0.000130
2460, 0.000246
2464, 0.000259
2468, 0.000026
2473, 0.000368
2477, 0.000457
2481, 0.000211
2486, 0.000188
2490, 0.000326
2494, 0.000189
2498, 0.000100
2503, 0.000196
2507, 0.000147
2511, 0.000481
2516, 0.000422
2520, 0.000185
2524, 0.000313
2529, 0.000647
2533, 0.000515
2537, 0.000184
2541, 0.000424
2546, 0.000108
2550, 0.000312
2554, 0.000254
2559, 0.000163
2563, 0.000536
2567, 0.000422
2571, 0.000515
2576, 0.000594
2580, 0.000529
2584, 0.000224
2589, 0.000385
2593, 0.000327
2597, 0.000224
2602, 0.000125
2606, 0.000246
2610, 0.000341
2614, 0.000167
2619, 0.000438
2623, 0.000241
2627, 0.000204
2632, 0.000420
2636, 0.000465
2640, 0.000110
2644, 0.000236
2649, 0.000455
2653, 0.000393
2657, 0.000086
2662, 0.000277
2666, 0.000426
2670, 0.000277
2675, 0.000161
2679, 0.000357
2683, 0.000510
2687, 0.000651
2692, 0.000442
2696, 0.000348
2700, 0.000217
2705, 0.000465
2709, 0.000666
2713, 0.000599
2717, 0.000738
2722, 0.000471
2726, 0.000557
2730, 0.000286
2735, 0.000174
2739, 0.000340
2743, 0.000655
2748, 0.000716
2752, 0.000670
2756, 0.000380
2760, 0.000431
2765, 0.000410
2769, 0.000309
2773, 0.000122
2778, 0.000309
2782, 0.000433
2786, 0.000349
2790, 0.000527
2795, 0.000457
2799, 0.000634
2803, 0.000306
2808, 0.000380
2812, 0.000554
2816, 0.000122
2821, 0.000316
2825, 0.000098
2829, 0.000364
2833, 0.000120
2838, 0.000279
2842, 0.000328
2846, 0.000184
2851, 0.000261
2855, 0.000045
2859, 0.000064
2863, 0.000376
2868, 0.000382
2872, 0.000229
2876, 0.000365
2881, 0.000034
2885, 0.000148
2889, 0.000149
2893, 0.000564
2898, 0.000229
2902, 0.000301
2906, 0.000315
2911, 0.000322
2915, 0.000358
2919, 0.000023
2924, 0.000263
2928, 0.000440
2932, 0.000183
2936, 0.000316
2941, 0.000278
2945, 0.000193
2949, 0.000039
2954, 0.000376
2958, 0.000149
2962, 0.000121
2966, 0.000061
2971, 0.000253
2975, 0.000161
2979, 0.000152
2984, 0.000448
2988, 0.000191
2992, 0.000156
2997, 0.000448
3001, 0.000282
3005, 0.000232
3009, 0.000129
3014, 0.000238
3018, 0.000090
3022, 0.000266
3027, 0.000286
3031, 0.000145
3035, 0.000162
3039, 0.000220
3044, 0.000031
3048, 0.000357
3052, 0.000474
3057, 0.000170
3061, 0.000227
3065, 0.000193
3070, 0.000269
3074, 0.000052
3078, 0.000335
3082, 0.000148
3087, 0.000255
3091, 0.000206
3095, 0.000157
3100, 0.000424
3104, 0.000252
3108, 0.000150
3112, 0.000498
3117, 0.000250
3121, 0.000165
3125, 0.000217
3130, 0.000106
3134, 0.000171
3138, 0.000391
3143, 0.000127
3147, 0.000116
3151, 0.000074
3155, 0.000337
3160, 0.000257
3164, 0.000100
3168, 0.000254
3173, 0.000117
3177, 0.000185
3181, 0.000254
3185, 0.000172
3190, 0.000167
3194, 0.000199
3198, 0.000232
3203, 0.000127
3207, 0.000181
3211, 0.000275
3216, 0.000178
3220, 0.000135
3224, 0.000273
3228, 0.000245
3233, 0.000153
3237, 0.000392
3241, 0.000117
3246, 0.000112
3250, 0.000079
3254, 0.000371
3258, 0.000209
3263, 0.000158
3267, 0.000051
3271, 0.000254
3276, 0.000308
3280, 0.000046
3284, 0.000180
3289, 0.000312
3293, 0.000151
3297, 0.000221
3301, 0.000094
3306, 0.000220
3310, 0.000265
3314, 0.000227
3319, 0.000138
3323, 0.000256
3327, 0.000134
3331, 0.000206
3336, 0.000207
3340, 0.000163
3344, 0.000240
3349, 0.000196
3353, 0.000096
3357, 0.000169
3362, 0.000222
3366, 0.000234
3370, 0.000136
3374, 0.000128
3379, 0.000144
3383, 0.000215
3387, 0.000210
3392, 0.000141
3396, 0.000242
3400, 0.000226
3404, 0.000108
3409, 0.000209
3413, 0.000279
3417, 0.000122
3422, 0.000214
3426, 0.000167
3430, 0.000301
3435, 0.000070
3439, 0.000234
3443, 0.000072
3447, 0.000343
3452, 0.000316
3456, 0.000060
3460, 0.000346
3465, 0.000191
3469, 0.000140
3473, 0.000330
3477, 0.000113
3482, 0.000139
3486, 0.000181
3490, 0.000273
3495, 0.000154
3499, 0.000166
3503, 0.000158
3508, 0.000305
3512, 0.000065
3516, 0.000189
3520, 0.000268
3525, 0.000126
3529, 0.000270
3533, 0.000216
3538, 0.000181
3542, 0.000146
3546, 0.000195
3550, 0.000187
3555, 0.000155
3559, 0.000267
3563, 0.000047
3568, 0.000226
3572, 0.000281
3576, 0.000129
3581, 0.000100
3585, 0.000306
3589, 0.000216
3593, 0.000119
3598, 0.000234
3602, 0.000131
3606, 0.000285
3611, 0.000059
3615, 0.000208
3619, 0.000136
3623, 0.000273
3628, 0.000127
3632, 0.000187
3636, 0.000268
3641, 0.000101
3645, 0.000240
3649, 0.000248
3653, 0.000045
3658, 0.000331
3662, 0.000184
3666, 0.000162
3671, 0.000177
3675, 0.000212
3679, 0.000197
3684, 0.000159
3688, 0.000126
3692, 0.000248
3696, 0.000162
3701, 0.000139
3705, 0.000250
3709, 0.000146
3714, 0.000202
3718, 0.000155
3722, 0.000184
3726, 0.000186
3731, 0.000176
3735, 0.000188
3739, 0.000122
3744, 0.000275
3748, 0.000104
3752, 0.000152
3757, 0.000219
3761, 0.000210
3765, 0.000126
3769, 0.000197
3774, 0.000221
3778, 0.000197
3782, 0.000275
3787, 0.000031
3791, 0.000258
3795, 0.000106
3799, 0.000190
3804, 0.000164
3808, 0.000277
3812, 0.000226
3817, 0.000099
3821, 0.000220
3825, 0.000204
3830, 0.000146
3834, 0.000255
3838, 0.000128
3842, 0.000219
3847, 0.000152
3851, 0.000217
3855, 0.000136
3860, 0.000218
3864, 0.000116
3868, 0.000237
3872, 0.000129
3877, 0.000233
3881, 0.000121
3885, 0.000200
3890, 0.000210
3894, 0.000203
3898, 0.000147
3903, 0.000224
3907, 0.000181
3911, 0.000071
3915, 0.000335
3920, 0.000180
3924, 0.000127
3928, 0.000260
3933, 0.000205
3937, 0.000189
3941, 0.000136
3945, 0.000183
3950, 0.000214
3954, 0.000138
3958, 0.000224
3963, 0.000133
3967, 0.000276
3971, 0.000106
3976, 0.000260
3980, 0.000092
3984, 0.000230
3988, 0.000151
3993, 0.000232
3997, 0.000242
4001, 0.000064
4006, 0.000213
4010, 0.000254
4014, 0.000039
4018, 0.000238
4023, 0.000213
4027, 0.000149
4031, 0.000192
4036, 0.000185
4040, 0.000106
4044, 0.000263
4049, 0.000101
4053, 0.000262
4057, 0.000175
4061, 0.000117
4066, 0.000135
4070, 0.000261
4074, 0.000158
4079, 0.000189
4083, 0.000144
4087, 0.000186
4091, 0.000230
4096, 0.000122
4100, 0.000172
4104, 0.000194
4109, 0.000232
4113, 0.000182
4117, 0.000121
4122, 0.000218
4126, 0.000153
4130, 0.000165
4134, 0.000190
4139, 0.000128
4143, 0.000288
4147, 0.000104
4152, 0.000185
4156, 0.000137
4160, 0.000224
4164, 0.000143
4169, 0.000186
4173, 0.000166
4177, 0.000163
4182, 0.000232
4186, 0.000131
4190, 0.000150
4195, 0.000325
4199, 0.000012
4203, 0.000195
4207, 0.000238
4212, 0.000111
4216, 0.000184
4220, 0.000175
4225, 0.000187
4229, 0.000231
4233, 0.000050
4237, 0.000208
4242, 0.000209
4246, 0.000175
4250, 0.000110
4255, 0.000247
4259, 0.000203
4263, 0.000249
4268, 0.000129
4272, 0.000146
4276, 0.000204
4280, 0.000219
4285, 0.000176
4289, 0.000094
4293, 0.000332
4298, 0.000244
4302, 0.000141
4306, 0.000198
4310, 0.000160
4315, 0.000164
4319, 0.000254
4323, 0.000006
4328, 0.000326
4332, 0.000103
4336, 0.000171
4340, 0.000212
4345, 0.000205
4349, 0.000146
4353, 0.000179
4358, 0.000274
4362, 0.000084
4366, 0.000175
4371, 0.000237
4375, 0.000130
4379, 0.000178
4383, 0.000219
4388, 0.000140
4392, 0.000186
4396, 0.000129
4401, 0.000201
4405, 0.000172
4409, 0.000158
4413, 0.000196
4418, 0.000153
4422, 0.000278
4426, 0.000136
4431, 0.000138
4435, 0.000157
4439, 0.000266
4444, 0.000119
4448, 0.000170
4452, 0.000199
4456, 0.000193
4461, 0.000100
4465, 0.000179
4469, 0.000193
4474, 0.000124
4478, 0.000244
4482, 0.000088
4486, 0.000198
4491, 0.000183
4495, 0.000199
4499, 0.000139
4504, 0.000209
4508, 0.000141
4512, 0.000214
4517, 0.000213
4521, 0.000151
4525, 0.000187
4529, 0.000143
4534, 0.000221
4538, 0.000107
4542, 0.000211
4547, 0.000229
4551, 0.000104
4555, 0.000216
4559, 0.000211
4564, 0.000090
4568, 0.000209
4572, 0.000123
4577, 0.000158
4581, 0.000199
4585, 0.000170
4590, 0.000135
4594, 0.000193
4598, 0.000131
4602, 0.000165
4607, 0.000195
4611, 0.000152
4615, 0.000220
4620, 0.000130
4624, 0.000162
4628, 0.000226
4632, 0.000198
4637, 0.000129
4641, 0.000166
4645, 0.000157
4650, 0.000170
4654, 0.000135
4658, 0.000192
4663, 0.000155
4667, 0.000167
4671, 0.000175
4675, 0.000135
4680, 0.000183
4684, 0.000145
4688, 0.000133
4693, 0.000242
4697, 0.000125
4701, 0.000180
4705, 0.000154
4710, 0.000159
4714, 0.000167
4718, 0.000178
4723, 0.000182
4727, 0.000129
4731, 0.000181
4736, 0.000184
4740, 0.000138
4744, 0.000191
4748, 0.000160
4753, 0.000173
4757, 0.000183
4761, 0.000143
4766, 0.000154
4770, 0.000188
4774, 0.000140
4778, 0.000165
4783, 0.000162
4787, 0.000162
4791, 0.000153
4796, 0.000208
4800, 0.000118
4804, 0.000145
4809, 0.000150
4813, 0.000196
4817, 0.000137
4821, 0.000180
4826, 0.000169
4830, 0.000147
4834, 0.000170
4839, 0.000150
4843, 0.000159
4847, 0.000141
4851, 0.000189
4856, 0.000146
4860, 0.000153
4864, 0.000171
4869, 0.000145
4873, 0.000197
4877, 0.000128
4882, 0.000178
4886, 0.000157
4890, 0.000152
4894, 0.000175
4899, 0.000170
4903, 0.000135
4907, 0.000159
4912, 0.000174
4916, 0.000164
4920, 0.000154
4924, 0.000181
4929, 0.000155
4933, 0.000167
4937, 0.000165
4942, 0.000181
4946, 0.000151
4950, 0.000145
4955, 0.000147
4959, 0.000172
4963, 0.000152
4967, 0.000174
4972, 0.000119
4976, 0.000206
4980, 0.000147
4985, 0.000157
4989, 0.000180
4993, 0.000167
4997, 0.000122
5002, 0.000181
5006, 0.000172
5010, 0.000138
5015, 0.000186
5019, 0.000152
5023, 0.000161
5027, 0.000154
5032, 0.000178
5036, 0.000128
5040, 0.000162
5045, 0.000177
5049, 0.000168
5053, 0.000164
5058, 0.000162
5062, 0.000157
5066, 0.000180
5070, 0.000150
5075, 0.000171
5079, 0.000159
5083, 0.000142
5088, 0.000183
5092, 0.000174
5096, 0.000132
5100, 0.000145
5105, 0.000184
5109, 0.000151
5113, 0.000158
5118, 0.000159
5122, 0.000162
5126, 0.000173
5131, 0.000147
5135, 0.000161
5139, 0.000167
5143, 0.000164
5148, 0.000153
5152, 0.000148
5156, 0.000157
5161, 0.000178
5165, 0.000146
5169, 0.000161
5173, 0.000159
5178, 0.000157
5182, 0.000156
5186, 0.000161
5191, 0.000155
5195, 0.000168
5199, 0.000151
5204, 0.000152
5208, 0.000169
5212, 0.000146
5216, 0.000171
5221, 0.000157
5225, 0.000156
5229, 0.000162
5234, 0.000160
5238, 0.000150
5242, 0.000155
5246, 0.000161
5251, 0.000161
5255, 0.000159
5259, 0.000154
5264, 0.000159
5268, 0.000158
5272, 0.000159
5277, 0.000157
5281, 0.000152
5285, 0.000160
5289, 0.000165
5294, 0.000158
5298, 0.000155
5302, 0.000164
5307, 0.000161
5311, 0.000150
5315, 0.000160
5319, 0.000166
5324, 0.000154
5328, 0.000161
5332, 0.000158
5337, 0.000153
5341, 0.000154
5345, 0.000172
5350, 0.000145
5354, 0.000162
5358, 0.000155
5362, 0.000168
5367, 0.000146
5371, 0.000163
5375, 0.000163
5380, 0.000144
5384, 0.000173
5388, 0.000151
5392, 0.000152
5397, 0.000164
5401, 0.000161
5405, 0.000153
5410, 0.000162
5414, 0.000148
5418, 0.000160
5423, 0.000167
5427, 0.000161
5431, 0.000150
5435, 0.000154
5440, 0.000156
5444, 0.000165
5448, 0.000149
5453, 0.000159
5457, 0.000164
5461, 0.000153
5465, 0.000148
5470, 0.000172
5474, 0.000158
5478, 0.000151
5483, 0.000148
5487, 0.000159
5491, 0.000155
5496, 0.000159
5500, 0.000148
5504, 0.000164
5508, 0.000150
5513, 0.000150
5517, 0.000152
5521, 0.000164
5526, 0.000156
5530, 0.000156
5534, 0.000160
5538, 0.000156
5543, 0.000154
5547, 0.000156
5551, 0.000154
5556, 0.000166
5560, 0.000152
5564, 0.000154
5569, 0.000152
5573, 0.000162
5577, 0.000166
5581, 0.000147
5586, 0.000158
5590, 0.000148
5594, 0.000167
5599, 0.000148
5603, 0.000159
5607, 0.000151
5611, 0.000157
5616, 0.000154
5620, 0.000149
5624, 0.000163
5629, 0.000158
5633, 0.000155
5637, 0.000146
5642, 0.000158
5646, 0.000158
5650, 0.000151
5654, 0.000155
5659, 0.000162
5663, 0.000153
5667, 0.000146
5672, 0.000155
5676, 0.000165
5680, 0.000155
5684, 0.000144
5689, 0.000158
5693, 0.000165
5697, 0.000152
5702, 0.000153
5706, 0.000165
5710, 0.000164
5715, 0.000154
5719, 0.000151
5723, 0.000162
5727, 0.000156
5732, 0.000152
5736, 0.000163
5740, 0.000151
5745, 0.000145
5749, 0.000149
5753, 0.000156
5757, 0.000155
5762, 0.000153
5766, 0.000149
5770, 0.000152
5775, 0.000139
5779, 0.000156
5783, 0.000161
5787, 0.000158
5792, 0.000161
5796, 0.000145
5800, 0.000158
5805, 0.000165
5809, 0.000162
5813, 0.000157
5818, 0.000156
5822, 0.000153
5826, 0.000151
5830, 0.000156
5835, 0.000153
5839, 0.000147
5843, 0.000154
5848, 0.000155
5852, 0.000149
5856, 0.000146
5860, 0.000151
5865, 0.000159
5869, 0.000152
5873, 0.000149
5878, 0.000158
5882, 0.000151
5886, 0.000150
5891, 0.000168
5895, 0.000162
5899, 0.000144
5903, 0.000153
5908, 0.000159
5912, 0.000153
5916, 0.000154
5921, 0.000158
5925, 0.000156
5929, 0.000144
5933, 0.000145
5938, 0.000158
5942, 0.000156
5946, 0.000149
5951, 0.000149
5955, 0.000151
5959, 0.000152
5964, 0.000151
5968, 0.000150
5972, 0.000155
5976, 0.000157
5981, 0.000153
5985, 0.000152
5989, 0.000153
5994, 0.000153
5998, 0.000153
6002, 0.000154
6006, 0.000152
6011, 0.000150
6015, 0.000152
6019, 0.000154
6024, 0.000154
6028, 0.000152
6032, 0.000148
6037, 0.000149
6041, 0.000152
6045, 0.000155
6049, 0.000154
6054, 0.000152
6058, 0.000151
6062, 0.000152
6067, 0.000154
6071, 0.000154
6075, 0.000154
6079, 0.000154
6084, 0.000154
6088, 0.000153
6092, 0.000153
6097, 0.000152
6101, 0.000151
6105, 0.000151
6110, 0.000150
6114, 0.000151
6118, 0.000151
6122, 0.000152
6127, 0.000152
6131, 0.000152
6135, 0.000152
6140, 0.000152
6144, 0.000152
6148, 0.000152
6152, 0.000152
6157, 0.000152
6161, 0.000152
6165, 0.000152
6170, 0.000152
6174, 0.000152
6178, 0.000152
6183, 0.000152
6187, 0.000153
6191, 0.000153
6195, 0.000153
6200, 0.000152
6204, 0.000152
6208, 0.000151
6213, 0.000151
6217, 0.000152
6221, 0.000152
6225, 0.000152
6230, 0.000152
6234, 0.000151
6238, 0.000151
6243, 0.000151
6247, 0.000151
6251, 0.000152
6256, 0.000151
6260, 0.000150
6264, 0.000150
6268, 0.000151
6273, 0.000151
6277, 0.000151
6281, 0.000150
6286, 0.000150
6290, 0.000151
6294, 0.000151
6298, 0.000151
6303, 0.000151
6307, 0.000151
6311, 0.000151
6316, 0.000150
6320, 0.000150
6324, 0.000151
6329, 0.000150
6333, 0.000149
6337, 0.000149
6341, 0.000150
6346, 0.000151
6350, 0.000151
6354, 0.000150
6359, 0.000150
6363, 0.000150
6367, 0.000150
6371, 0.000150
6376, 0.000150
6380, 0.000151
6384, 0.000151
6389, 0.000151
6393, 0.000151
6397, 0.000151
6402, 0.000150
6406, 0.000150
6410, 0.000150
6414, 0.000150
6419, 0.000151
6423, 0.000150
6427, 0.000150
6432, 0.000150
6436, 0.000150
6440, 0.000151
6444, 0.000151
6449, 0.000150
6453, 0.000150
6457, 0.000150
6462, 0.000150
6466, 0.000150
6470, 0.000150
6474, 0.000150
6479, 0.000150
6483, 0.000149
6487, 0.000149
6492, 0.000149
6496, 0.000149
6500, 0.000149
6505, 0.000149
6509, 0.000149
6513, 0.000149
6517, 0.000149
6522, 0.000150
6526, 0.000150
6530, 0.000150
6535, 0.000150
6539, 0.000150
6543, 0.000150
6547, 0.000150
6552, 0.000150
6556, 0.000150
6560, 0.000149
6565, 0.000149
6569, 0.000150
6573, 0.000150
6578, 0.000150
6582, 0.000149
6586, 0.000149
6590, 0.000149
6595, 0.000150
6599, 0.000150
6603, 0.000150
6608, 0.000150
6612, 0.000149
6616, 0.000149
6620, 0.000149
6625, 0.000149
6629, 0.000149
6633, 0.000149
6638, 0.000149
6642, 0.000148
6646, 0.000148
6651, 0.000148
6655, 0.000149
6659, 0.000149
6663, 0.000149
6668, 0.000149
6672, 0.000149
6676, 0.000149
6681, 0.000149
6685, 0.000149
6689, 0.000149
6693, 0.000149
6698, 0.000149
6702, 0.000149
6706, 0.000149
6711, 0.000149
6715, 0.000149
6719, 0.000149
6724, 0.000149
6728, 0.000149
6732, 0.000149
6736, 0.000148
6741, 0.000148
6745, 0.000148
6749, 0.000148
6754, 0.000149
6758, 0.000149
6762, 0.000149
6766, 0.000149
6771, 0.000148
6775, 0.000149
6779, 0.000149
6784, 0.000149
6788, 0.000148
6792, 0.000148
6797, 0.000148
6801, 0.000149
6805, 0.000149
6809, 0.000149
6814, 0.000148
6818, 0.000148
6822, 0.000148
6827, 0.000148
6831, 0.000149
6835, 0.000149
6839, 0.000149
6844, 0.000148
6848, 0.000148
6852, 0.000149
6857, 0.000149
6861, 0.000149
6865, 0.000149
6870, 0.000147
6874, 0.000146
6878, 0.000149
6882, 0.000149
6887, 0.000147
6891, 0.000149
6895, 0.000149
6900, 0.000146
6904, 0.000146
6908, 0.000149
6912, 0.000148
6917, 0.000148
6921, 0.000148
6925, 0.000148
6930, 0.000149
6934, 0.000146
6938, 0.000149
6943, 0.000150
6947, 0.000145
6951, 0.000148
6955, 0.000151
6960, 0.000146
6964, 0.000147
6968, 0.000149
6973, 0.000148
6977, 0.000148
6981, 0.000149
6985, 0.000145
6990, 0.000150
6994, 0.000147
6998, 0.000148
7003, 0.000146
7007, 0.000147
7011, 0.000150
7016, 0.000148
7020, 0.000147
7024, 0.000149
7028, 0.000147
7033, 0.000145
7037, 0.000149
7041, 0.000146
7046, 0.000149
7050, 0.000144
7054, 0.000148
7058, 0.000144
7063, 0.000150
7067, 0.000146
7071, 0.000147
7076, 0.000148
7080, 0.000147
7084, 0.000148
7089, 0.000145
7093, 0.000153
7097, 0.000146
7101, 0.000148
7106, 0.000147
7110, 0.000148
7114, 0.000146
7119, 0.000151
7123, 0.000145
7127, 0.000149
7131, 0.000146
7136, 0.000148
7140, 0.000148
7144, 0.000148
7149, 0.000148
7153, 0.000145
7157, 0.000148
7162, 0.000147
7166, 0.000149
7170, 0.000145
7174, 0.000147
7179, 0.000149
7183, 0.000142
7187, 0.000150
7192, 0.000146
7196, 0.000145
7200, 0.000150
7204, 0.000142
7209, 0.000150
7213, 0.000145
7217, 0.000144
7222, 0.000149
7226, 0.000144
7230, 0.000149
7234, 0.000147
7239, 0.000147
7243, 0.000143
7247, 0.000153
7252, 0.000146
7256, 0.000147
7260, 0.000148
7265, 0.000149
7269, 0.000146
7273, 0.000146
7277, 0.000149
7282, 0.000143
7286, 0.000147
7290, 0.000142
7295, 0.000149
7299, 0.000146
7303, 0.000144
7307, 0.000146
7312, 0.000148
7316, 0.000142
7320, 0.000150
7325, 0.000146
7329, 0.000148
7333, 0.000146
7338, 0.000148
7342, 0.000146
7346, 0.000147
7350, 0.000149
7355, 0.000143
7359, 0.000148
7363, 0.000145
7368, 0.000148
7372, 0.000144
7376, 0.000148
7380, 0.000148
7385, 0.000143
7389, 0.000148
7393, 0.000146
7398, 0.000146
7402, 0.000144
7406, 0.000152
7411, 0.000144
7415, 0.000147
7419, 0.000149
7423, 0.000147
7428, 0.000143
7432, 0.000149
7436, 0.000147
7441, 0.000144
7445, 0.000147
7449, 0.000148
7453, 0.000149
7458, 0.000142
7462, 0.000151
7466, 0.000143
7471, 0.000150
7475, 0.000142
7479, 0.000150
7484, 0.000145
7488, 0.000146
7492, 0.000148
7496, 0.000149
7501, 0.000145
7505, 0.000146
7509, 0.000146
7514, 0.000145
7518, 0.000150
7522, 0.000145
7526, 0.000147
7531, 0.000146
7535, 0.000144
7539, 0.000153
7544, 0.000145
7548, 0.000149
7552, 0.000147
7557, 0.000145
7561, 0.000145
7565, 0.000147
7569, 0.000146
7574, 0.000145
7578, 0.000142
7582, 0.000145
7587, 0.000147
7591, 0.000148
7595, 0.000144
7599, 0.000143
7604, 0.000153
7608, 0.000143
7612, 0.000140
7617, 0.000149
7621, 0.000149
7625, 0.000146
7630, 0.000147
7634, 0.000146
7638, 0.000148
7642, 0.000137
7647, 0.000153
7651, 0.000147
7655, 0.000143
7660, 0.000143
7664, 0.000143
7668, 0.000139
7672, 0.000155
7677, 0.000147
7681, 0.000138
7685, 0.000141
7690, 0.000156
7694, 0.000147
7698, 0.000139
7703, 0.000152
7707, 0.000145
7711, 0.000153
7715, 0.000143
7720, 0.000148
7724, 0.000142
7728, 0.000152
7733, 0.000152
7737, 0.000142
7741, 0.000147
7745, 0.000147
7750, 0.000147
7754, 0.000141
7758, 0.000156
7763, 0.000139
7767, 0.000142
7771, 0.000150
7776, 0.000140
7780, 0.000143
7784, 0.000156
7788, 0.000147
7793, 0.000139
7797, 0.000145
7801, 0.000154
7806, 0.000150
7810, 0.000150
7814, 0.000145
7818, 0.000149
7823, 0.000145
7827, 0.000140
7831, 0.000163
7836, 0.000135
7840, 0.000136
7844, 0.000156
7849, 0.000135
7853, 0.000143
7857, 0.000142
7861, 0.000154
7866, 0.000144
7870, 0.000137
7874, 0.000143
7879, 0.000160
7883, 0.000140
7887, 0.000150
7891, 0.000149
7896, 0.000149
7900, 0.000142
7904, 0.000154
7909, 0.000140
7913, 0.000146
7917, 0.000151
7921, 0.000146
7926, 0.000144
7930, 0.000137
7934, 0.000140
7939, 0.000148
7943, 0.000154
7947, 0.000136
7952, 0.000146
7956, 0.000138
7960, 0.000157
7964, 0.000130
7969, 0.000169
7973, 0.000145
7977, 0.000135
7982, 0.000150
7986, 0.000158
7990, 0.000143
7994, 0.000161
7999, 0.000141
8003, 0.000136
8007, 0.000155
8012, 0.000139
8016, 0.000158
8020, 0.000132
8025, 0.000149
8029, 0.000148
8033, 0.000136
8037, 0.000151
8042, 0.000136
8046, 0.000156
8050, 0.000137
8055, 0.000157
8059, 0.000141
8063, 0.000143
8067, 0.000145
8072, 0.000151
8076, 0.000156
8080, 0.000146
8085, 0.000136
8089, 0.000144
8093, 0.000146
8098, 0.000162
8102, 0.000130
8106, 0.000146
8110, 0.000142
8115, 0.000150
8119, 0.000140
8123, 0.000155
8128, 0.000138
8132, 0.000145
8136, 0.000142
8140, 0.000157
8145, 0.000139
8149, 0.000140
8153, 0.000152
8158, 0.000142
8162, 0.000154
8166, 0.000136
8171, 0.000151
8175, 0.000144
8179, 0.000150
8183, 0.000157
8188, 0.000130
8192, 0.000150
8196, 0.000151
8201, 0.000139
8205, 0.000142
8209, 0.000155
8213, 0.000141
8218, 0.000152
8222, 0.000141
8226, 0.000146
8231, 0.000157
8235, 0.000135
8239, 0.000141
8244, 0.000159
8248, 0.000146
8252, 0.000137
8256, 0.000152
8261, 0.000141
8265, 0.000150
8269, 0.000143
8274, 0.000148
8278, 0.000149
8282, 0.000144
8286, 0.000145
8291, 0.000143
8295, 0.000146
8299, 0.000142
8304, 0.000155
8308, 0.000146
8312, 0.000146
8317, 0.000144
8321, 0.000143
8325, 0.000151
8329, 0.000151
8334, 0.000141
8338, 0.000151
8342, 0.000137
8347, 0.000155
8351, 0.000151
8355, 0.000134
8359, 0.000143
8364, 0.000154
8368, 0.000144
8372, 0.000133
8377, 0.000161
8381, 0.000137
8385, 0.000150
8390, 0.000142
8394, 0.000139
8398, 0.000158
8402, 0.000141
8407, 0.000153
8411, 0.000142
8415, 0.000149
8420, 0.000140
8424, 0.000145
8428, 0.000150
8432, 0.000147
8437, 0.000145
8441, 0.000144
8445, 0.000148
8450, 0.000144
8454, 0.000142
8458, 0.000154
8463, 0.000149
8467, 0.000145
8471, 0.000144
8475, 0.000156
8480, 0.000148
8484, 0.000148
8488, 0.000157
8493, 0.000144
8497, 0.000142
8501, 0.000153
8505, 0.000136
8510, 0.000152
8514, 0.000143
8518, 0.000144
8523, 0.000151
8527, 0.000136
8531, 0.000153
8536, 0.000152
8540, 0.000145
8544, 0.000150
8548, 0.000143
8553, 0.000143
8557, 0.000153
8561, 0.000149
8566, 0.000141
8570, 0.000157
8574, 0.000143
8578, 0.000143
8583, 0.000154
8587, 0.000142
8591, 0.000148
8596, 0.000141
8600, 0.000148
8604, 0.000138
8608, 0.000151
8613, 0.000141
8617, 0.000149
8621, 0.000146
8626, 0.000146
8630, 0.000146
8634, 0.000148
8639, 0.000141
8643, 0.000149
8647, 0.000150
8651, 0.000138
8656, 0.000156
8660, 0.000141
8664, 0.000150
8669, 0.000144
8673, 0.000136
8677, 0.000149
8681, 0.000145
8686, 0.000149
8690, 0.000140
8694, 0.000152
8699, 0.000149
8703, 0.000139
8707, 0.000154
8712, 0.000153
8716, 0.000147
8720, 0.000142
8724, 0.000154
8729, 0.000146
8733, 0.000147
8737, 0.000150
8742, 0.000147
8746, 0.000139
8750, 0.000152
8754, 0.000144
8759, 0.000147
8763, 0.000143
8767, 0.000152
8772, 0.000137
8776, 0.000150
8780, 0.000141
8785, 0.000151
8789, 0.000148
8793, 0.000149
8797, 0.000146
8802, 0.000145
8806, 0.000154
8810, 0.000143
8815, 0.000149
8819, 0.000155
8823, 0.000140
8827, 0.000153
8832, 0.000144
8836, 0.000152
8840, 0.000148
8845, 0.000140
8849, 0.000150
8853, 0.000147
8858, 0.000140
8862, 0.000154
8866, 0.000142
8870, 0.000156
8875, 0.000146
8879, 0.000145
8883, 0.000151
8888, 0.000136
8892, 0.000159
8896, 0.000149
8900, 0.000137
8905, 0.000156
8909, 0.000143
8913, 0.000140
8918, 0.000159
8922, 0.000154
8926, 0.000135
8931, 0.000147
8935, 0.000152
8939, 0.000146
8943, 0.000152
8948, 0.000133
8952, 0.000160
8956, 0.000145
8961, 0.000155
8965, 0.000141
8969, 0.000151
8973, 0.000138
8978, 0.000150
8982, 0.000158
8986, 0.000131
8991, 0.000156
8995, 0.000151
8999, 0.000132
9004, 0.000168
9008, 0.000140
9012, 0.000139
9016, 0.000150
9021, 0.000148
9025, 0.000148
9029, 0.000139
9034, 0.000154
9038, 0.000162
9042, 0.000134
9046, 0.000153
9051, 0.000153
9055, 0.000135
9059, 0.000155
9064, 0.000142
9068, 0.000153
9072, 0.000141
9077, 0.000156
9081, 0.000143
9085, 0.000127
9089, 0.000167
9094, 0.000152
9098, 0.000129
9102, 0.000170
9107, 0.000136
9111, 0.000145
9115, 0.000155
9119, 0.000151
9124, 0.000154
9128, 0.000143
9132, 0.000132
9137, 0.000162
9141, 0.000149
9145, 0.000156
9150, 0.000138
9154, 0.000150
9158, 0.000144
9162, 0.000161
9167, 0.000164
9171, 0.000135
9175, 0.000147
9180, 0.000166
9184, 0.000132
9188, 0.000149
9192, 0.000143
9197, 0.000166
9201, 0.000150
9205, 0.000143
9210, 0.000145
9214, 0.000162
9218, 0.000147
9223, 0.000151
9227, 0.000124
9231, 0.000153
9235, 0.000164
9240, 0.000142
9244, 0.000154
9248, 0.000135
9253, 0.000168
9257, 0.000143
9261, 0.000150
9265, 0.000132
9270, 0.000153
9274, 0.000186
9278, 0.000109
9283, 0.000185
9287, 0.000159
9291, 0.000119
9296, 0.000169
9300, 0.000164
9304, 0.000141
9308, 0.000151
9313, 0.000149
9317, 0.000122
9321, 0.000177
9326, 0.000102
9330, 0.000190
9334, 0.000141
9338, 0.000138
9343, 0.000148
9347, 0.000157
9351, 0.000163
9356, 0.000125
9360, 0.000163
9364, 0.000163
9368, 0.000134
9373, 0.000177
9377, 0.000117
9381, 0.000168
9386, 0.000156
9390, 0.000145
9394, 0.000122
9399, 0.000186
9403, 0.000124
9407, 0.000174
9411, 0.000117
9416, 0.000178
9420, 0.000116
9424, 0.000170
9429, 0.000172
9433, 0.000095
9437, 0.000191
9441, 0.000139
9446, 0.000150
9450, 0.000155
9454, 0.000145
9459, 0.000159
9463, 0.000143
9467, 0.000163
9472, 0.000151
9476, 0.000134
9480, 0.000155
9484, 0.000174
9489, 0.000142
9493, 0.000148
9497, 0.000147
9502, 0.000137
9506, 0.000170
9510, 0.000138
9514, 0.000165
9519, 0.000129
9523, 0.000172
9527, 0.000143
9532, 0.000142
9536, 0.000180
9540, 0.000116
9545, 0.000171
9549, 0.000153
9553, 0.000143
9557, 0.000144
9562, 0.000167
9566, 0.000143
9570, 0.000137
9575, 0.000177
9579, 0.000115
9583, 0.000194
9587, 0.000117
9592, 0.000164
9596, 0.000152
9600, 0.000150
9605, 0.000157
9609, 0.000133
9613, 0.000172
9618, 0.000151
9622, 0.000164
9626, 0.000134
9630, 0.000150
9635, 0.000158
9639, 0.000147
9643, 0.000161
9648, 0.000154
9652, 0.000144
9656, 0.000152
9660, 0.000152
9665, 0.000160
9669, 0.000140
9673, 0.000155
9678, 0.000148
9682, 0.000159
9686, 0.000147
9691, 0.000137
9695, 0.000168
9699, 0.000168
9703, 0.000128
9708, 0.000165
9712, 0.000144
9716, 0.000156
9721, 0.000156
9725, 0.000133
9729, 0.000151
9733, 0.000166
9738, 0.000147
9742, 0.000130
9746, 0.000161
9751, 0.000164
9755, 0.000146
9759, 0.000152
9764, 0.000141
9768, 0.000178
9772, 0.000131
9776, 0.000167
9781, 0.000157
9785, 0.000148
9789, 0.000168
9794, 0.000128
9798, 0.000150
9802, 0.000153
9806, 0.000153
9811, 0.000146
9815, 0.000143
9819, 0.000165
9824, 0.000138
9828, 0.000176
9832, 0.000131
9837, 0.000170
9841, 0.000149
9845, 0.000131
9849, 0.000189
9854, 0.000139
9858, 0.000156
9862, 0.000142
9867, 0.000170
9871, 0.000148
9875, 0.000152
9879, 0.000142
9884, 0.000150
9888, 0.000161
9892, 0.000144
9897, 0.000151
9901, 0.000157
9905, 0.000141
9910, 0.000147
9914, 0.000163
9918, 0.000153
9922, 0.000161
9927, 0.000139
9931, 0.000162
9935, 0.000161
9940, 0.000140
9944, 0.000176
9948, 0.000121
9952, 0.000190
9957, 0.000134
9961, 0.000154
9965, 0.000148
9970, 0.000161
9974, 0.000152
9978, 0.000135
9983, 0.000172
9987, 0.000133
9991, 0.000155
9995, 0.000157
10000, 0.000156
10004, 0.000151
10008, 0.000164
10013, 0.000143
10017, 0.000143
10021, 0.000180
10025, 0.000146
10030, 0.000155
10034, 0.000163
10038, 0.000143
10043, 0.000147
10047, 0.000163
10051, 0.000145
10055, 0.000154
10060, 0.000150
10064, 0.000148
10068, 0.000157
10073, 0.000145
10077, 0.000155
10081, 0.000160
10086, 0.000148
10090, 0.000154
10094, 0.000145
10098, 0.000165
10103, 0.000155
10107, 0.000156
10111, 0.000151
10116, 0.000157
10120, 0.000159
10124, 0.000132
10128, 0.000184
10133, 0.000131
10137, 0.000168
10141, 0.000161
10146, 0.000135
10150, 0.000157
10154, 0.000153
10159, 0.000155
10163, 0.000154
10167, 0.000160
10171, 0.000140
10176, 0.000151
10180, 0.000169
10184, 0.000148
10189, 0.000167
10193, 0.000155
10197, 0.000133
10201, 0.000166
10206, 0.000160
10210, 0.000152
10214, 0.000144
10219, 0.000169
10223, 0.000146
10227, 0.000145
10232, 0.000163
10236, 0.000156
10240, 0.000157
10244, 0.000144
10249, 0.000158
10253, 0.000162
10257, 0.000143
10262, 0.000153
10266, 0.000164
10270, 0.000153
10274, 0.000149
10279, 0.000159
10283, 0.000158
10287, 0.000148
10292, 0.000158
10296, 0.000155
10300, 0.000147
10305, 0.000168
10309, 0.000141
10313, 0.000163
10317, 0.000150
10322, 0.000163
10326, 0.000149
10330, 0.000150
10335, 0.000169
10339, 0.000152
10343, 0.000149
10347, 0.000154
10352, 0.000155
10356, 0.000155
10360, 0.000159
10365, 0.000149
10369, 0.000148
10373, 0.000158
10378, 0.000159
10382, 0.000147
10386, 0.000154
10390, 0.000164
10395, 0.000157
10399, 0.000145
10403, 0.000160
10408, 0.000160
10412, 0.000153
10416, 0.000156
10420, 0.000159
10425, 0.000156
10429, 0.000141
10433, 0.000161
10438, 0.000162
10442, 0.000148
10446, 0.000162
10451, 0.000153
10455, 0.000156
10459, 0.000153
10463, 0.000153
10468, 0.000165
10472, 0.000151
10476, 0.000156
10481, 0.000160
10485, 0.000140
10489, 0.000166
10493, 0.000162
10498, 0.000151
10502, 0.000156
10506, 0.000159
10511, 0.000155
10515, 0.000155
10519, 0.000161
10524, 0.000160
10528, 0.000155
10532, 0.000150
10536, 0.000155
10541, 0.000153
10545, 0.000158
10549, 0.000154
10554, 0.000160
10558, 0.000150
10562, 0.000150
10566, 0.000163
10571, 0.000162
10575, 0.000158
10579, 0.000160
10584, 0.000159
10588, 0.000161
10592, 0.000160
10597, 0.000154
10601, 0.000165
10605, 0.000154
10609, 0.000156
10614, 0.000155
10618, 0.000152
10622, 0.000157
10627, 0.000153
10631, 0.000163
10635, 0.000156
10639, 0.000150
10644, 0.000159
10648, 0.000162
10652, 0.000158
10657, 0.000154
10661, 0.000157
10665, 0.000156
10670, 0.000156
10674, 0.000163
10678, 0.000152
10682, 0.000163
10687, 0.000160
10691, 0.000160
10695, 0.000158
10700, 0.000154
10704, 0.000162
10708, 0.000156
10712, 0.000158
10717, 0.000152
10721, 0.000152
10725, 0.000161
10730, 0.000152
10734, 0.000151
10738, 0.000164
10743, 0.000160
10747, 0.000156
10751, 0.000151
10755, 0.000168
10760, 0.000165
10764, 0.000154
10768, 0.000160
10773, 0.000160
10777, 0.000158
10781, 0.000154
10785, 0.000163
10790, 0.000153
10794, 0.000153
10798, 0.000161
10803, 0.000156
10807, 0.000165
10811, 0.000154
10815, 0.000162
10820, 0.000161
10824, 0.000157
10828, 0.000160
10833, 0.000161
10837, 0.000159
10841, 0.000154
10846, 0.000157
10850, 0.000162
10854, 0.000158
10858, 0.000162
10863, 0.000157
10867, 0.000156
10871, 0.000164
10876, 0.000161
10880, 0.000161
10884, 0.000152
10888, 0.000162
10893, 0.000158
10897, 0.000158
10901, 0.000157
10906, 0.000161
10910, 0.000157
10914, 0.000164
10919, 0.000155
10923, 0.000160
10927, 0.000161
10931, 0.000163
10936, 0.000155
10940, 0.000168
10944, 0.000158
10949, 0.000156
10953, 0.000161
10957, 0.000158
10961, 0.000162
10966, 0.000165
10970, 0.000156
10974, 0.000158
10979, 0.000156
10983, 0.000160
10987, 0.000162
10992, 0.000164
10996, 0.000158
11000, 0.000161
11004, 0.000162
11009, 0.000160
11013, 0.000162
11017, 0.000160
11022, 0.000160
11026, 0.000157
11030, 0.000158
11034, 0.000158
11039, 0.000160
11043, 0.000163
11047, 0.000161
11052, 0.000160
11056, 0.000160
11060, 0.000161
11065, 0.000161
11069, 0.000162
11073, 0.000163
11077, 0.000163
11082, 0.000160
11086, 0.000159
11090, 0.000159
11095, 0.000161
11099, 0.000160
11103, 0.000161
11107, 0.000161
11112, 0.000159
11116, 0.000162
11120, 0.000160
11125, 0.000162
11129, 0.000160
11133, 0.000158
11138, 0.000166
11142, 0.000159
11146, 0.000160
11150, 0.000159
11155, 0.000158
11159, 0.000159
11163, 0.000160
11168, 0.000163
11172, 0.000159
11176, 0.000162
11180, 0.000159
11185, 0.000164
11189, 0.000164
11193, 0.000159
11198, 0.000162
11202, 0.000161
11206, 0.000161
11211, 0.000160
11215, 0.000160
11219, 0.000164
11223, 0.000158
11228, 0.000162
11232, 0.000163
11236, 0.000160
11241, 0.000166
11245, 0.000158
11249, 0.000165
11253, 0.000160
11258, 0.000166
11262, 0.000160
11266, 0.000163
11271, 0.000159
11275, 0.000163
11279, 0.000162
11284, 0.000163
11288, 0.000162
11292, 0.000162
11296, 0.000163
11301, 0.000164
11305, 0.000162
11309, 0.000164
11314, 0.000165
11318, 0.000163
11322, 0.000164
11326, 0.000164
11331, 0.000162
11335, 0.000162
11339, 0.000163
11344, 0.000163
11348, 0.000166
11352, 0.000162
11357, 0.000165
11361, 0.000161
11365, 0.000164
11369, 0.000165
11374, 0.000162
11378, 0.000162
11382, 0.000164
11387, 0.000162
11391, 0.000162
11395, 0.000163
11399, 0.000162
11404, 0.000162
11408, 0.000160
11412, 0.000163
11417, 0.000163
11421, 0.000164
11425, 0.000166
11430, 0.000161
11434, 0.000162
11438, 0.000164
11442, 0.000164
11447, 0.000164
11451, 0.000161
11455, 0.000164
11460, 0.000165
11464, 0.000161
11468, 0.000165
11472, 0.000163
11477, 0.000160
11481, 0.000164
11485, 0.000165
11490, 0.000164
11494, 0.000164
11498, 0.000165
11502, 0.000160
11507, 0.000164
11511, 0.000164
11515, 0.000163
11520, 0.000162
11524, 0.000164
11528, 0.000165
11533, 0.000165
11537, 0.000165
11541, 0.000162
11545, 0.000164
11550, 0.000165
11554, 0.000167
11558, 0.000163
11563, 0.000163
11567, 0.000168
11571, 0.000165
11575, 0.000163
11580, 0.000164
11584, 0.000164
11588, 0.000163
11593, 0.000163
11597, 0.000164
11601, 0.000165
11606, 0.000165
11610, 0.000165
11614, 0.000166
11618, 0.000166
11623, 0.000166
11627, 0.000166
11631, 0.000165
11636, 0.000165
11640, 0.000164
11644, 0.000164
11648, 0.000164
11653, 0.000165
11657, 0.000164
11661, 0.000165
11666, 0.000166
11670, 0.000166
11674, 0.000164
11679, 0.000165
11683, 0.000167
11687, 0.000165
11691, 0.000164
11696, 0.000167
11700, 0.000166
11704, 0.000166
11709, 0.000167
11713, 0.000164
11717, 0.000166
11721, 0.000166
11726, 0.000166
11730, 0.000167
11734, 0.000167
11739, 0.000167
11743, 0.000166
11747, 0.000166
11752, 0.000166
11756, 0.000166
11760, 0.000166
11764, 0.000166
11769, 0.000166
11773, 0.000165
11777, 0.000165
11782, 0.000165
11786, 0.000167
11790, 0.000167
11794, 0.000166
11799, 0.000167
11803, 0.000168
11807, 0.000167
11812, 0.000165
11816, 0.000166
11820, 0.000166
11825, 0.000166
11829, 0.000166
11833, 0.000167
11837, 0.000167
11842, 0.000167
11846, 0.000167
11850, 0.000167
11855, 0.000167
11859, 0.000167
11863, 0.000167
11867, 0.000167
11872, 0.000167
11876, 0.000167
11880, 0.000167
11885, 0.000167
11889, 0.000167
11893, 0.000167
11898, 0.000167
11902, 0.000167
11906, 0.000167
11910, 0.000167
11915, 0.000167
11919, 0.000167
11923, 0.000167
11928, 0.000167
11932, 0.000167
11936, 0.000167
11940, 0.000167
11945, 0.000167
11949, 0.000166
11953, 0.000167
11958, 0.000168
11962, 0.000168
11966, 0.000166
11971, 0.000167
11975, 0.000168
11979, 0.000168
11983, 0.000166
11988, 0.000166
11992, 0.000168
11996, 0.000168
12001, 0.000167
12005, 0.000167
12009, 0.000168
12013, 0.000168
12018, 0.000168
12022, 0.000168
12026, 0.000168
12031, 0.000168
12035, 0.000168
12039, 0.000168
12044, 0.000168
12048, 0.000168
12052, 0.000168
12056, 0.000169
12061, 0.000169
12065, 0.000169
12069, 0.000169
12074, 0.000169
12078, 0.000169
12082, 0.000169
12086, 0.000169
12091, 0.000169
12095, 0.000169
12099, 0.000169
12104, 0.000169
12108, 0.000169
12112, 0.000169
12117, 0.000169
12121, 0.000169
12125, 0.000169
12129, 0.000169
12134, 0.000169
12138, 0.000169
12142, 0.000169
12147, 0.000169
12151, 0.000169
12155, 0.000169
12159, 0.000169
12164, 0.000169
12168, 0.000170
12172, 0.000170
12177, 0.000170
12181, 0.000170
12185, 0.000170
12189, 0.000170
12194, 0.000170
12198, 0.000170
12202, 0.000170
12207, 0.000170
12211, 0.000170
12215, 0.000170
12220, 0.000170
12224, 0.000170
12228, 0.000169
12232, 0.000171
12237, 0.000169
12241, 0.000171
12245, 0.000169
12250, 0.000171
12254, 0.000169
12258, 0.000171
12262, 0.000170
12267, 0.000171
12271, 0.000170
12275, 0.000170
12280, 0.000170
12284, 0.000170
12288, 0.000170
12293, 0.000171
12297, 0.000170
12301, 0.000170
12305, 0.000170
12310, 0.000170
12314, 0.000170
12318, 0.000170
12323, 0.000170
12327, 0.000170
12331, 0.000170
12335, 0.000170
12340, 0.000170
12344, 0.000170
12348, 0.000171
12353, 0.000171
12357, 0.000171
12361, 0.000171
12366, 0.000171
12370, 0.000171
12374, 0.000171
12378, 0.000171
12383, 0.000171
12387, 0.000171
12391, 0.000171
12396, 0.000171
12400, 0.000171
12404, 0.000171
12408, 0.000171
12413, 0.000171
12417, 0.000171
12421, 0.000171
12426, 0.000171
12430, 0.000171
12434, 0.000171
12439, 0.000171
12443, 0.000171
12447, 0.000171
12451, 0.000171
12456, 0.000171
12460, 0.000171
12464, 0.000172
12469, 0.000172
12473, 0.000172
12477, 0.000172
12481, 0.000172
12486, 0.000172
12490, 0.000172
12494, 0.000172
12499, 0.000172
12503, 0.000172
12507, 0.000172
12512, 0.000172
12516, 0.000172
12520, 0.000172
12524, 0.000172
12529, 0.000172
12533, 0.000172
12537, 0.000172
12542, 0.000172
12546, 0.000172
12550, 0.000172
12554, 0.000172
12559, 0.000172
12563, 0.000172
12567, 0.000172
12572, 0.000172
12576, 0.000172
12580, 0.000173
12585, 0.000173
12589, 0.000173
12593, 0.000173
12597, 0.000173
12602, 0.000173
12606, 0.000173
12610, 0.000173
12615, 0.000173
12619, 0.000173
12623, 0.000173
12627, 0.000173
12632, 0.000173
12636, 0.000173
12640, 0.000173
12645, 0.000173
12649, 0.000173
12653, 0.000173
12658, 0.000173
12662, 0.000173
12666, 0.000173
12670, 0.000173
12675, 0.000173
12679, 0.000173
12683, 0.000173
12688, 0.000173
12692, 0.000173
12696, 0.000174
12700, 0.000174
12705, 0.000174
12709, 0.000174
12713, 0.000174
12718, 0.000174
12722, 0.000174
12726, 0.000174
12731, 0.000174
12735, 0.000173
12739, 0.000173
12743, 0.000173
12748, 0.000174
12752, 0.000174
12756, 0.000174
12761, 0.000174
12765, 0.000174
12769, 0.000174
12773, 0.000174
12778, 0.000174
12782, 0.000174
12786, 0.000174
12791, 0.000174
12795, 0.000174
12799, 0.000174
12804, 0.000174
12808, 0.000174
12812, 0.000174
12816, 0.000174
12821, 0.000174
12825, 0.000174
12829, 0.000174
12834, 0.000174
12838, 0.000174
12842, 0.000174
12846, 0.000174
12851, 0.000174
12855, 0.000174
12859, 0.000175
12864, 0.000175
12868, 0.000175
12872, 0.000175
12877, 0.000175
12881, 0.000175
12885, 0.000175
12889, 0.000175
12894, 0.000175
12898, 0.000175
12902, 0.000175
12907, 0.000175
12911, 0.000175
12915, 0.000175
12919, 0.000175
12924, 0.000175
12928, 0.000175
12932, 0.000176
12937, 0.000176
12941, 0.000176
12945, 0.000176
12949, 0.000176
12954, 0.000176
12958, 0.000176
12962, 0.000176
12967, 0.000176
12971, 0.000176
12975, 0.000176
12980, 0.000176
12984, 0.000176
12988, 0.000176
12992, 0.000176
12997, 0.000176
13001, 0.000176
13005, 0.000176
13010, 0.000176
13014, 0.000176
13018, 0.000176
13022, 0.000176
13027, 0.000176
13031, 0.000176
13035, 0.000176
13040, 0.000176
13044, 0.000176
13048, 0.000176
13053, 0.000176
13057, 0.000176
13061, 0.000176
13065, 0.000176
13070, 0.000176
13074, 0.000176
13078, 0.000176
13083, 0.000176
13087, 0.000176
13091, 0.000176
13095, 0.000176
13100, 0.000176
13104, 0.000176
13108, 0.000176
13113, 0.000177
13117, 0.000177
13121, 0.000177
13126, 0.000177
13130, 0.000177
13134, 0.000177
13138, 0.000177
13143, 0.000177
13147, 0.000177
13151, 0.000177
13156, 0.000177
13160, 0.000177
13164, 0.000177
13168, 0.000177
13173, 0.000177
13177, 0.000177
13181, 0.000177
13186, 0.000177
13190, 0.000177
13194, 0.000177
13199, 0.000177
13203, 0.000177
13207, 0.000177
13211, 0.000177
13216, 0.000177
13220, 0.000177
13224, 0.000177
13229, 0.000177
13233, 0.000177
13237, 0.000177
13241, 0.000177
13246, 0.000177
13250, 0.000177
13254, 0.000178
13259, 0.000178
13263, 0.000178
13267, 0.000178
13272, 0.000178
13276, 0.000177
13280, 0.000177
13284, 0.000178
13289, 0.000178
13293, 0.000178
13297, 0.000178
13302, 0.000178
13306, 0.000178
13310, 0.000178
13314, 0.000178
13319, 0.000178
13323, 0.000178
13327, 0.000178
13332, 0.000178
13336, 0.000178
13340, 0.000178
13345, 0.000178
13349, 0.000178
13353, 0.000178
13357, 0.000178
13362, 0.000178
13366, 0.000178
13370, 0.000179
13375, 0.000179
13379, 0.000179
13383, 0.000179
13387, 0.000178
13392, 0.000178
13396, 0.000178
13400, 0.000179
13405, 0.000179
13409, 0.000179
13413, 0.000179
13418, 0.000179
13422, 0.000179
13426, 0.000179
13430, 0.000179
13435, 0.000179
13439, 0.000179
13443, 0.000179
13448, 0.000179
13452, 0.000179
13456, 0.000179
13460, 0.000179
13465, 0.000179
13469, 0.000179
13473, 0.000179
13478, 0.000179
13482, 0.000179
13486, 0.000179
13491, 0.000179
13495, 0.000179
13499, 0.000179
13503, 0.000179
13508, 0.000180
13512, 0.000180
13516, 0.000180
13521, 0.000180
13525, 0.000180
13529, 0.000179
13533, 0.000179
13538, 0.000179
13542, 0.000180
13546, 0.000180
13551, 0.000180
13555, 0.000180
13559, 0.000180
13564, 0.000180
13568, 0.000179
13572, 0.000179
13576, 0.000180
13581, 0.000180
13585, 0.000180
13589, 0.000180
13594, 0.000180
13598, 0.000180
13602, 0.000180
13606, 0.000179
13611, 0.000179
13615, 0.000180
13619, 0.000180
13624, 0.000180
13628, 0.000180
13632, 0.000180
13636, 0.000180
13641, 0.000180
13645, 0.000180
13649, 0.000180
13654, 0.000180
13658, 0.000180
13662, 0.000180
13667, 0.000180
13671, 0.000180
13675, 0.000180
13679, 0.000180
13684, 0.000180
13688, 0.000180
13692, 0.000181
13697, 0.000181
13701, 0.000181
13705, 0.000181
13709, 0.000181
13714, 0.000180
13718, 0.000180
13722, 0.000180
13727, 0.000180
13731, 0.000180
13735, 0.000180
13740, 0.000180
13744, 0.000181
13748, 0.000181
13752, 0.000181
13757, 0.000181
13761, 0.000181
13765, 0.000181
13770, 0.000181
13774, 0.000181
13778, 0.000181
13782, 0.000180
13787, 0.000180
13791, 0.000180
13795, 0.000181
13800, 0.000181
13804, 0.000181
13808, 0.000181
13813, 0.000181
13817, 0.000181
13821, 0.000181
13825, 0.000181
13830, 0.000181
13834, 0.000181
13838, 0.000181
13843, 0.000181
13847, 0.000181
13851, 0.000181
13855, 0.000181
13860, 0.000181
13864, 0.000181
13868, 0.000182
13873, 0.000182
13877, 0.000182
13881, 0.000182
13886, 0.000182
13890, 0.000182
13894, 0.000181
13898, 0.000181
13903, 0.000181
13907, 0.000181
13911, 0.000181
13916, 0.000181
13920, 0.000181
13924, 0.000181
13928, 0.000181
13933, 0.000182
13937, 0.000183
13941, 0.000182
13946, 0.000182
13950, 0.000182
13954, 0.000182
13959, 0.000182
13963, 0.000182
13967, 0.000182
13971, 0.000182
13976, 0.000182
13980, 0.000182
13984, 0.000182
13989, 0.000182
13993, 0.000182
13997, 0.000182
14001, 0.000182
14006, 0.000182
14010, 0.000182
14014, 0.000182
14019, 0.000182
14023, 0.000182
14027, 0.000182
14032, 0.000182
14036, 0.000182
14040, 0.000182
14044, 0.000182
14049, 0.000182
14053, 0.000183
14057, 0.000183
14062, 0.000183
14066, 0.000183
14070, 0.000183
14074, 0.000183
14079, 0.000182
14083, 0.000182
14087, 0.000182
14092, 0.000182
14096, 0.000182
14100, 0.000182
14105, 0.000182
14109, 0.000182
14113, 0.000183
14117, 0.000183
14122, 0.000183
14126, 0.000183
14130, 0.000183
14135, 0.000183
14139, 0.000183
14143, 0.000182
14147, 0.000182
14152, 0.000183
14156, 0.000183
14160, 0.000182
14165, 0.000182
14169, 0.000183
14173, 0.000183
14178, 0.000183
14182, 0.000183
14186, 0.000184
14190, 0.000183
14195, 0.000183
14199, 0.000183
14203, 0.000183
14208, 0.000183
14212, 0.000183
14216, 0.000183
14220, 0.000183
14225, 0.000183
14229, 0.000183
14233, 0.000183
14238, 0.000183
14242, 0.000183
14246, 0.000183
14251, 0.000184
14255, 0.000183
14259, 0.000183
14263, 0.000184
14268, 0.000183
14272, 0.000183
14276, 0.000183
14281, 0.000183
14285, 0.000184
14289, 0.000183
14293, 0.000182
14298, 0.000183
14302, 0.000184
14306, 0.000183
14311, 0.000184
14315, 0.000184
14319, 0.000183
14324, 0.000184
14328, 0.000184
14332, 0.000183
14336, 0.000183
14341, 0.000184
14345, 0.000184
14349, 0.000183
14354, 0.000184
14358, 0.000184
14362, 0.000184
14366, 0.000184
14371, 0.000184
14375, 0.000184
14379, 0.000184
14384, 0.000184
14388, 0.000184
14392, 0.000184
14396, 0.000184
14401, 0.000184
14405, 0.000184
14409, 0.000184
14414, 0.000184
14418, 0.000184
14422, 0.000184
14427, 0.000184
14431, 0.000184
14435, 0.000185
14439, 0.000185
14444, 0.000184
14448, 0.000184
14452, 0.000185
14457, 0.000184
14461, 0.000184
14465, 0.000184
14469, 0.000184
14474, 0.000184
14478, 0.000184
14482, 0.000184
14487, 0.000185
14491, 0.000184
14495, 0.000185
14500, 0.000185
14504, 0.000185
14508, 0.000185
14512, 0.000185
14517, 0.000185
14521, 0.000184
14525, 0.000184
14530, 0.000184
14534, 0.000184
14538, 0.000184
14542, 0.000185
14547, 0.000185
14551, 0.000185
14555, 0.000185
14560, 0.000185
14564, 0.000185
14568, 0.000185
14573, 0.000185
14577, 0.000185
14581, 0.000185
14585, 0.000184
14590, 0.000184
14594, 0.000184
14598, 0.000184
14603, 0.000185
14607, 0.000185
14611, 0.000185
14615, 0.000185
14620, 0.000185
14624, 0.000186
14628, 0.000186
14633, 0.000185
14637, 0.000185
14641, 0.000185
14646, 0.000185
14650, 0.000184
14654, 0.000184
14658, 0.000184
14663, 0.000184
14667, 0.000185
14671, 0.000185
14676, 0.000185
14680, 0.000185
14684, 0.000186
14688, 0.000186
14693, 0.000185
14697, 0.000185
14701, 0.000185
14706, 0.000185
14710, 0.000185
14714, 0.000185
14719, 0.000184
14723, 0.000185
14727, 0.000185
14731, 0.000185
14736, 0.000186
14740, 0.000186
14744, 0.000186
14749, 0.000186
14753, 0.000186
14757, 0.000186
14761, 0.000185
14766, 0.000185
14770, 0.000185
14774, 0.000185
14779, 0.000185
14783, 0.000185
14787, 0.000185
14792, 0.000185
14796, 0.000185
14800, 0.000186
14804, 0.000186
14809, 0.000186
14813, 0.000186
14817, 0.000186
14822, 0.000186
14826, 0.000185
14830, 0.000185
14834, 0.000185
14839, 0.000185
14843, 0.000185
14847, 0.000185
14852, 0.000185
14856, 0.000186
14860, 0.000186
14865, 0.000186
14869, 0.000186
14873, 0.000186
14877, 0.000186
14882, 0.000186
14886, 0.000186
14890, 0.000185
14895, 0.000185
14899, 0.000185
14903, 0.000185
14907, 0.000185
14912, 0.000186
14916, 0.000186
14920, 0.000186
14925, 0.000186
14929, 0.000186
14933, 0.000187
14938, 0.000187
14942, 0.000186
14946, 0.000186
14950, 0.000186
14955, 0.000185
14959, 0.000185
14963, 0.000186
14968, 0.000186
14972, 0.000186
14976, 0.000186
14980, 0.000186
14985, 0.000186
14989, 0.000186
14993, 0.000187
14998, 0.000187
15002, 0.000187
15006, 0.000186
15011, 0.000186
15015, 0.000186
15019, 0.000186
15023, 0.000186
15028, 0.000186
15032, 0.000186
15036, 0.000186
15041, 0.000186
15045, 0.000187
15049, 0.000187
15053, 0.000187
15058, 0.000187
15062, 0.000187
15066, 0.000187
15071, 0.000186
15075, 0.000186
15079, 0.000186
15083, 0.000186
15088, 0.000186
15092, 0.000186
15096, 0.000186
15101, 0.000186
15105, 0.000186
15109, 0.000186
15114, 0.000187
15118, 0.000187
15122, 0.000187
15126, 0.000187
15131, 0.000186
15135, 0.000186
15139, 0.000186
15144, 0.000186
15148, 0.000186
15152, 0.000186
15156, 0.000186
15161, 0.000187
15165, 0.000187
15169, 0.000187
15174, 0.000187
15178, 0.000187
15182, 0.000187
15187, 0.000187
15191, 0.000187
15195, 0.000187
15199, 0.000186
15204, 0.000186
15208, 0.000186
15212, 0.000186
15217, 0.000186
15221, 0.000186
15225, 0.000187
15229, 0.000187
15234, 0.000187
15238, 0.000187
15242, 0.000187
15247, 0.000187
15251, 0.000187
15255, 0.000187
15260, 0.000187
15264, 0.000186
15268, 0.000186
15272, 0.000186
15277, 0.000187
15281, 0.000187
15285, 0.000187
15290, 0.000187
15294, 0.000187
15298, 0.000187
15302, 0.000187
15307, 0.000187
15311, 0.000187
15315, 0.000187
15320, 0.000187
15324, 0.000186
15328, 0.000186
15333, 0.000186
15337, 0.000187
15341, 0.000187
15345, 0.000187
15350, 0.000187
15354, 0.000187
15358, 0.000188
15363, 0.000188
15367, 0.000188
15371, 0.000188
15375, 0.000187
15380, 0.000187
15384, 0.000187
15388, 0.000186
15393, 0.000186
15397, 0.000186
15401, 0.000186
15406, 0.000187
15410, 0.000187
15414, 0.000187
15418, 0.000187
15423, 0.000187
15427, 0.000187
15431, 0.000187
15436, 0.000187
15440, 0.000187
15444, 0.000187
15448, 0.000187
15453, 0.000186
15457, 0.000186
15461, 0.000187
15466, 0.000187
15470, 0.000187
15474, 0.000187
15479, 0.000187
15483, 0.000188
15487, 0.000188
15491, 0.000187
15496, 0.000187
15500, 0.000187
15504, 0.000187
15509, 0.000187
15513, 0.000187
15517, 0.000186
15521, 0.000186
15526, 0.000187
15530, 0.000187
15534, 0.000187
15539, 0.000188
15543, 0.000188
15547, 0.000188
15552, 0.000187
15556, 0.000187
15560, 0.000187
15564, 0.000187
15569, 0.000187
15573, 0.000187
15577, 0.000187
15582, 0.000187
15586, 0.000187
15590, 0.000187
15594, 0.000187
15599, 0.000188
15603, 0.000188
15607, 0.000188
15612, 0.000188
15616, 0.000188
15620, 0.000188
15625, 0.000187
15629, 0.000187
15633, 0.000187
15637, 0.000187
15642, 0.000187
15646, 0.000187
15650, 0.000187
15655, 0.000187
15659, 0.000187
15663, 0.000188
15667, 0.000188
15672, 0.000188
15676, 0.000188
15680, 0.000188
15685, 0.000187
15689, 0.000187
15693, 0.000187
15698, 0.000187
15702, 0.000187
15706, 0.000187
15710, 0.000187
15715, 0.000187
15719, 0.000187
15723, 0.000187
15728, 0.000188
15732, 0.000188
15736, 0.000188
15740, 0.000188
15745, 0.000188
15749, 0.000188
15753, 0.000187
15758, 0.000187
15762, 0.000187
15766, 0.000187
15770, 0.000187
15775, 0.000187
15779, 0.000187
15783, 0.000187
15788, 0.000188
15792, 0.000188
15796, 0.000188
15801, 0.000188
15805, 0.000188
15809, 0.000187
15813, 0.000187
15818, 0.000187
15822, 0.000187
15826, 0.000187
15831, 0.000187
15835, 0.000187
15839, 0.000188
15843, 0.000187
15848, 0.000188
15852, 0.000187
15856, 0.000188
15861, 0.000188
15865, 0.000188
15869, 0.000188
15874, 0.000187
15878, 0.000187
15882, 0.000187
15886, 0.000187
15891, 0.000187
15895, 0.000187
15899, 0.000187
15904, 0.000187
15908, 0.000188
15912, 0.000188
15916, 0.000188
15921, 0.000188
15925, 0.000188
15929, 0.000188
15934, 0.000188
15938, 0.000187
15942, 0.000187
15947, 0.000187
15951, 0.000187
15955, 0.000187
15959, 0.000187
15964, 0.000187
15968, 0.000187
15972, 0.000188
15977, 0.000188
15981, 0.000188
15985, 0.000188
15989, 0.000188
15994, 0.000188
15998, 0.000187
16002, 0.000187
16007, 0.000187
16011, 0.000187
16015, 0.000187
16020, 0.000187
16024, 0.000187
16028, 0.000187
16032, 0.000187
16037, 0.000187
16041, 0.000187
16045, 0.000187
16050, 0.000187
16054, 0.000187
16058, 0.000187
16062, 0.000187
16067, 0.000187
16071, 0.000187
16075, 0.000187
16080, 0.000188
16084, 0.000187
16088, 0.000188
16093, 0.000187
16097, 0.000187
16101, 0.000187
16105, 0.000187
16110, 0.000187
16114, 0.000187
16118, 0.000187
16123, 0.000187
16127, 0.000187
16131, 0.000187
16135, 0.000187
16140, 0.000187
16144, 0.000187
16148, 0.000187
16153, 0.000187
16157, 0.000187
16161, 0.000187
16166, 0.000187
16170, 0.000187
16174, 0.000187
16178, 0.000187
16183, 0.000187
16187, 0.000187
16191, 0.000187
16196, 0.000187
16200, 0.000187
16204, 0.000187
16208, 0.000187
16213, 0.000187
16217, 0.000187
16221, 0.000187
16226, 0.000187
16230, 0.000187
16234, 0.000187
16239, 0.000187
16243, 0.000187
16247, 0.000187
16251, 0.000187
16256, 0.000187
16260, 0.000187
16264, 0.000187
16269, 0.000187
16273, 0.000187
16277, 0.000187
16281, 0.000187
16286, 0.000187
16290, 0.000187
16294, 0.000187
16299, 0.000187
16303, 0.000187
16307, 0.000187
16312, 0.000187
16316, 0.000187
16320, 0.000187
16324, 0.000187
16329, 0.000187
16333, 0.000187
16337, 0.000187
16342, 0.000187
16346, 0.000187
16350, 0.000187
16354, 0.000187
16359, 0.000187
16363, 0.000187
16367, 0.000187
16372, 0.000187
16376, 0.000187
16380, 0.000187
16385, 0.000187
16389, 0.000187
16393, 0.000187
16397, 0.000187
16402, 0.000187
16406, 0.000187
16410, 0.000187
16415, 0.000187
16419, 0.000187
16423, 0.000187
16427, 0.000187
16432, 0.000187
16436, 0.000187
16440, 0.000187
16445, 0.000187
16449, 0.000187
16453, 0.000187
16458, 0.000187
16462, 0.000187
16466, 0.000187
16470, 0.000187
16475, 0.000187
16479, 0.000187
16483, 0.000187
16488, 0.000187
16492, 0.000187
16496, 0.000187
16500, 0.000187
16505, 0.000187
16509, 0.000187
16513, 0.000187
16518, 0.000187
16522, 0.000187
16526, 0.000187
16530, 0.000187
16535, 0.000187
16539, 0.000187
16543, 0.000187
16548, 0.000187
16552, 0.000187
16556, 0.000187
16561, 0.000187
16565, 0.000187
16569, 0.000187
16573, 0.000187
16578, 0.000187
16582, 0.000187
16586, 0.000187
16591, 0.000187
16595, 0.000187
16599, 0.000187
16603, 0.000187
16608, 0.000187
16612, 0.000187
16616, 0.000187
16621, 0.000187
16625, 0.000187
16629, 0.000187
16634, 0.000187
16638, 0.000187
16642, 0.000187
16646, 0.000187
16651, 0.000187
16655, 0.000187
16659, 0.000187
16664, 0.000187
16668, 0.000187
16672, 0.000187
16676, 0.000187
16681, 0.000187
16685, 0.000187
16689, 0.000187
16694, 0.000187
16698, 0.000187
16702, 0.000187
16707, 0.000187
16711, 0.000187
16715, 0.000187
16719, 0.000187
16724, 0.000187
16728, 0.000187
16732, 0.000187
16737, 0.000187
16741, 0.000187
16745, 0.000187
16749, 0.000187
16754, 0.000187
16758, 0.000187
16762, 0.000187
16767, 0.000187
16771, 0.000187
16775, 0.000187
16780, 0.000187
16784, 0.000187
16788, 0.000187
16792, 0.000187
16797, 0.000187
16801, 0.000187
16805, 0.000187
16810, 0.000187
16814, 0.000187
16818, 0.000187
16822, 0.000187
16827, 0.000187
16831, 0.000187
16835, 0.000187
16840, 0.000186
16844, 0.000186
16848, 0.000186
16853, 0.000186
16857, 0.000186
16861, 0.000186
16865, 0.000186
16870, 0.000186
16874, 0.000186
16878, 0.000186
16883, 0.000186
16887, 0.000186
16891, 0.000186
16895, 0.000186
16900, 0.000186
16904, 0.000186
16908, 0.000186
16913, 0.000186
16917, 0.000186
16921, 0.000186
16926, 0.000186
16930, 0.000186
16934, 0.000186
16938, 0.000186
16943, 0.000186
16947, 0.000186
16951, 0.000186
16956, 0.000186
16960, 0.000186
16964, 0.000186
16968, 0.000186
16973, 0.000186
16977, 0.000186
16981, 0.000186
16986, 0.000186
16990, 0.000186
16994, 0.000186
16999, 0.000186
17003, 0.000186
17007, 0.000186
17011, 0.000186
17016, 0.000186
17020, 0.000186
17024, 0.000186
17029, 0.000186
17033, 0.000186
17037, 0.000186
17041, 0.000186
17046, 0.000186
17050, 0.000186
17054, 0.000186
17059, 0.000186
17063, 0.000186
17067, 0.000186
17072, 0.000186
17076, 0.000186
17080, 0.000186
17084, 0.000186
17089, 0.000186
17093, 0.000186
17097, 0.000186
17102, 0.000186
17106, 0.000186
17110, 0.000186
17114, 0.000186
17119, 0.000186
17123, 0.000186
17127, 0.000186
17132, 0.000186
17136, 0.000186
17140, 0.000186
17145, 0.000186
17149, 0.000186
17153, 0.000186
17157, 0.000186
17162, 0.000186
17166, 0.000186
17170, 0.000186
17175, 0.000186
17179, 0.000186
17183, 0.000186
17187, 0.000186
17192, 0.000186
17196, 0.000185
17200, 0.000185
17205, 0.000185
17209, 0.000185
17213, 0.000185
17217, 0.000185
17222, 0.000185
17226, 0.000185
17230, 0.000185
17235, 0.000185
17239, 0.000185
17243, 0.000185
17248, 0.000185
17252, 0.000185
17256, 0.000185
17260, 0.000185
17265, 0.000185
17269, 0.000185
17273, 0.000185
17278, 0.000185
17282, 0.000185
17286, 0.000185
17290, 0.000185
17295, 0.000185
17299, 0.000185
17303, 0.000185
17308, 0.000185
17312, 0.000185
17316, 0.000185
17321, 0.000185
17325, 0.000185
17329, 0.000185
17333, 0.000185
17338, 0.000185
17342, 0.000185
17346, 0.000185
17351, 0.000185
17355, 0.000185
17359, 0.000185
17363, 0.000185
17368, 0.000185
17372, 0.000185
17376, 0.000185
17381, 0.000185
17385, 0.000185
17389, 0.000185
17394, 0.000185
17398, 0.000185
17402, 0.000185
17406, 0.000185
17411, 0.000185
17415, 0.000185
17419, 0.000185
17424, 0.000185
17428, 0.000185
17432, 0.000185
17436, 0.000185
17441, 0.000185
17445, 0.000185
17449, 0.000185
17454, 0.000185
17458, 0.000185
17462, 0.000185
17467, 0.000184
17471, 0.000184
17475, 0.000184
17479, 0.000184
17484, 0.000184
17488, 0.000184
17492, 0.000184
17497, 0.000184
17501, 0.000184
17505, 0.000184
17509, 0.000184
17514, 0.000184
17518, 0.000184
17522, 0.000184
17527, 0.000184
17531, 0.000184
17535, 0.000184
17540, 0.000184
17544, 0.000184
17548, 0.000184
17552, 0.000184
17557, 0.000184
17561, 0.000184
17565, 0.000184
17570, 0.000184
17574, 0.000184
17578, 0.000184
17582, 0.000184
17587, 0.000184
17591, 0.000184
17595, 0.000184
17600, 0.000184
17604, 0.000184
17608, 0.000184
17613, 0.000184
17617, 0.000184
17621, 0.000184
17625, 0.000184
17630, 0.000184
17634, 0.000184
17638, 0.000184
17643, 0.000184
17647, 0.000184
17651, 0.000184
17655, 0.000184
17660, 0.000184
17664, 0.000184
17668, 0.000184
17673, 0.000184
17677, 0.000184
17681, 0.000184
17686, 0.000184
17690, 0.000184
17694, 0.000184
17698, 0.000183
17703, 0.000183
17707, 0.000183
17711, 0.000183
17716, 0.000183
17720, 0.000183
17724, 0.000183
17728, 0.000183
17733, 0.000183
17737, 0.000183
17741, 0.000183
17746, 0.000183
17750, 0.000183
17754, 0.000183
17759, 0.000183
17763, 0.000183
17767, 0.000183
17771, 0.000183
17776, 0.000183
17780, 0.000183
17784, 0.000183
17789, 0.000183
17793, 0.000183
17797, 0.000183
17801, 0.000183
17806, 0.000183
17810, 0.000183
17814, 0.000183
17819, 0.000183
17823, 0.000183
17827, 0.000183
17832, 0.000183
17836, 0.000183
17840, 0.000183
17844, 0.000183
17849, 0.000183
17853, 0.000183
17857, 0.000183
17862, 0.000183
17866, 0.000183
17870, 0.000183
17874, 0.000183
17879, 0.000183
17883, 0.000183
17887, 0.000183
17892, 0.000183
17896, 0.000183
17900, 0.000183
17905, 0.000183
17909, 0.000182
17913, 0.000182
17917, 0.000182
17922, 0.000182
17926, 0.000182
17930, 0.000182
17935, 0.000182
17939, 0.000182
17943, 0.000182
17947, 0.000182
17952, 0.000182
17956, 0.000182
17960, 0.000182
17965, 0.000182
17969, 0.000182
17973, 0.000182
17977, 0.000182
17982, 0.000182
17986, 0.000182
17990, 0.000182
17995, 0.000182
17999, 0.000182
18003, 0.000182
18008, 0.000182
18012, 0.000182
18016, 0.000182
18020, 0.000182
18025, 0.000182
18029, 0.000182
18033, 0.000182
18038, 0.000182
18042, 0.000182
18046, 0.000182
18050, 0.000182
18055, 0.000182
18059, 0.000182
18063, 0.000182
18068, 0.000182
18072, 0.000182
18076, 0.000182
18081, 0.000182
18085, 0.000182
18089, 0.000182
18093, 0.000181
18098, 0.000181
18102, 0.000181
18106, 0.000181
18111, 0.000181
18115, 0.000181
18119, 0.000181
18123, 0.000181
18128, 0.000181
18132, 0.000181
18136, 0.000181
18141, 0.000181
18145, 0.000181
18149, 0.000181
18154, 0.000181
18158, 0.000181
18162, 0.000181
18166, 0.000181
18171, 0.000181
18175, 0.000181
18179, 0.000181
18184, 0.000181
18188, 0.000181
18192, 0.000181
18196, 0.000181
18201, 0.000181
18205, 0.000181
18209, 0.000181
18214, 0.000181
18218, 0.000181
18222, 0.000181
18227, 0.000181
18231, 0.000181
18235, 0.000181
18239, 0.000181
18244, 0.000181
18248, 0.000181
18252, 0.000181
18257, 0.000181
18261, 0.000181
18265, 0.000181
18269, 0.000181
18274, 0.000181
18278, 0.000180
18282, 0.000180
18287, 0.000180
18291, 0.000180
18295, 0.000180
18300, 0.000180
18304, 0.000180
18308, 0.000180
18312, 0.000180
18317, 0.000180
18321, 0.000180
18325, 0.000180
18330, 0.000180
18334, 0.000180
18338, 0.000180
18342, 0.000180
18347, 0.000180
18351, 0.000180
18355, 0.000180
18360, 0.000180
18364, 0.000180
18368, 0.000180
18373, 0.000180
18377, 0.000180
18381, 0.000180
18385, 0.000180
18390, 0.000180
18394, 0.000180
18398, 0.000180
18403, 0.000180
18407, 0.000180
18411, 0.000180
18415, 0.000180
18420, 0.000180
18424, 0.000180
18428, 0.000180
18433, 0.000180
18437, 0.000179
18441, 0.000180
18446, 0.000179
18450, 0.000179
18454, 0.000179
18458, 0.000179
18463, 0.000179
18467, 0.000179
18471, 0.000179
18476, 0.000179
18480, 0.000179
18484, 0.000179
18488, 0.000179
18493, 0.000179
18497, 0.000179
18501, 0.000179
18506, 0.000179
18510, 0.000179
18514, 0.000179
18519, 0.000179
18523, 0.000179
18527, 0.000179
18531, 0.000179
18536, 0.000179
18540, 0.000179
18544, 0.000179
18549, 0.000179
18553, 0.000179
18557, 0.000179
18561, 0.000179
18566, 0.000179
18570, 0.000179
18574, 0.000179
18579, 0.000179
18583, 0.000179
18587, 0.000179
18592, 0.000179
18596, 0.000179
18600, 0.000178
18604, 0.000178
18609, 0.000178
18613, 0.000178
18617, 0.000178
18622, 0.000178
18626, 0.000178
18630, 0.000178
18634, 0.000178
18639, 0.000178
18643, 0.000178
18647, 0.000178
18652, 0.000178
18656, 0.000178
18660, 0.000178
18664, 0.000178
18669, 0.000178
18673, 0.000178
18677, 0.000178
18682, 0.000178
18686, 0.000178
18690, 0.000178
18695, 0.000178
18699, 0.000178
18703, 0.000178
18707, 0.000178
18712, 0.000178
18716, 0.000178
18720, 0.000178
18725, 0.000178
18729, 0.000178
18733, 0.000178
18737, 0.000178
18742, 0.000178
18746, 0.000177
18750, 0.000177
18755, 0.000177
18759, 0.000177
18763, 0.000177
18768, 0.000177
18772, 0.000177
18776, 0.000177
18780, 0.000177
18785, 0.000177
18789, 0.000177
18793, 0.000177
18798, 0.000177
18802, 0.000177
18806, 0.000177
18810, 0.000177
18815, 0.000177
18819, 0.000177
18823, 0.000177
18828, 0.000177
18832, 0.000177
18836, 0.000177
18841, 0.000177
18845, 0.000177
18849, 0.000177
18853, 0.000177
18858, 0.000177
18862, 0.000177
18866, 0.000177
18871, 0.000177
18875, 0.000177
18879, 0.000177
18883, 0.000177
18888, 0.000177
18892, 0.000176
18896, 0.000176
18901, 0.000176
18905, 0.000176
18909, 0.000176
18914, 0.000176
18918, 0.000176
18922, 0.000176
18926, 0.000176
18931, 0.000176
18935, 0.000176
18939, 0.000176
18944, 0.000176
18948, 0.000176
18952, 0.000176
18956, 0.000176
18961, 0.000176
18965, 0.000176
18969, 0.000176
18974, 0.000176
18978, 0.000176
18982, 0.000176
18987, 0.000176
18991, 0.000176
18995, 0.000176
18999, 0.000176
19004, 0.000176
19008, 0.000176
19012, 0.000176
19017, 0.000176
19021, 0.000176
19025, 0.000176
19029, 0.000176
19034, 0.000175
19038, 0.000175
19042, 0.000175
19047, 0.000175
19051, 0.000175
19055, 0.000175
19060, 0.000175
19064, 0.000175
19068, 0.000175
19072, 0.000175
19077, 0.000175
19081, 0.000175
19085, 0.000175
19090, 0.000175
19094, 0.000175
19098, 0.000175
19102, 0.000175
19107, 0.000175
19111, 0.000175
19115, 0.000175
19120, 0.000175
19124, 0.000175
19128, 0.000175
19133, 0.000175
19137, 0.000175
19141, 0.000175
19145, 0.000175
19150, 0.000175
19154, 0.000175
19158, 0.000175
19163, 0.000175
19167, 0.000174
19171, 0.000174
19175, 0.000174
19180, 0.000174
19184, 0.000174
19188, 0.000174
19193, 0.000174
19197, 0.000174
19201, 0.000174
19206, 0.000174
19210, 0.000174
19214, 0.000174
19218, 0.000174
19223, 0.000174
19227, 0.000174
19231, 0.000174
19236, 0.000174
19240, 0.000174
19244, 0.000174
19248, 0.000174
19253, 0.000174
19257, 0.000174
19261, 0.000174
19266, 0.000174
19270, 0.000174
19274, 0.000174
19279, 0.000174
19283, 0.000174
19287, 0.000174
19291, 0.000174
19296, 0.000174
19300, 0.000174
19304, 0.000173
19309, 0.000173
19313, 0.000173
19317, 0.000173
19321, 0.000173
19326, 0.000173
19330, 0.000173
19334, 0.000173
19339, 0.000173
19343, 0.000173
19347, 0.000173
19351, 0.000173
19356, 0.000173
19360, 0.000173
19364, 0.000173
19369, 0.000173
19373, 0.000173
19377, 0.000173
19382, 0.000173
19386, 0.000173
19390, 0.000173
19394, 0.000173
19399, 0.000173
19403, 0.000173
19407, 0.000173
19412, 0.000173
19416, 0.000173
19420, 0.000173
19424, 0.000173
19429, 0.000173
19433, 0.000173
19437, 0.000172
19442, 0.000172
19446, 0.000172
19450, 0.000172
19455, 0.000172
19459, 0.000172
19463, 0.000172
19467, 0.000172
19472, 0.000172
19476, 0.000172
19480, 0.000172
19485, 0.000172
19489, 0.000172
19493, 0.000172
19497, 0.000172
19502, 0.000172
19506, 0.000172
19510, 0.000172
19515, 0.000172
19519, 0.000172
19523, 0.000172
19528, 0.000172
19532, 0.000172
19536, 0.000172
19540, 0.000172
19545, 0.000172
19549, 0.000172
19553, 0.000172
19558, 0.000172
19562, 0.000172
19566, 0.000171
19570, 0.000171
19575, 0.000171
19579, 0.000171
19583, 0.000171
19588, 0.000171
19592, 0.000171
19596, 0.000171
19601, 0.000171
19605, 0.000171
19609, 0.000171
19613, 0.000171
19618, 0.000171
19622, 0.000171
19626, 0.000171
19631, 0.000171
19635, 0.000171
19639, 0.000171
19643, 0.000171
19648, 0.000171
19652, 0.000171
19656, 0.000171
19661, 0.000171
19665, 0.000171
19669, 0.000171
19674, 0.000171
19678, 0.000171
19682, 0.000171
19686, 0.000171
19691, 0.000170
19695, 0.000170
19699, 0.000170
19704, 0.000170
19708, 0.000170
19712, 0.000170
19716, 0.000170
19721, 0.000170
19725, 0.000170
19729, 0.000170
19734, 0.000170
19738, 0.000170
19742, 0.000170
19747, 0.000170
19751, 0.000170
19755, 0.000170
19759, 0.000170
19764, 0.000170
19768, 0.000170
19772, 0.000170
19777, 0.000170
19781, 0.000170
19785, 0.000170
19789, 0.000170
19794, 0.000170
19798, 0.000170
19802, 0.000170
19807, 0.000170
19811, 0.000170
19815, 0.000169
19820, 0.000169
19824, 0.000169
19828, 0.000169
19832, 0.000169
19837, 0.000169
19841, 0.000169
19845, 0.000169
19850, 0.000169
19854, 0.000169
19858, 0.000169
19862, 0.000169
19867, 0.000169
19871, 0.000169
19875, 0.000169
19880, 0.000169
19884, 0.000169
19888, 0.000169
19893, 0.000169
19897, 0.000169
19901, 0.000169
19905, 0.000169
19910, 0.000169
19914, 0.000169
19918, 0.000169
19923, 0.000169
19927, 0.000169
19931, 0.000169
19935, 0.000169
19940, 0.000169
19944, 0.000168
19948, 0.000168
19953, 0.000168
19957, 0.000168
19961, 0.000168
19966, 0.000168
19970, 0.000168
19974, 0.000168
19978, 0.000168
19983, 0.000168
19987, 0.000168
19991, 0.000168
19996, 0.000168
20000, 0.000168
20004, 0.000168
20008, 0.000168
20013, 0.000168
20017, 0.000168
20021, 0.000168
20026, 0.000168
20030, 0.000168
20034, 0.000168
20039, 0.000168
20043, 0.000168
20047, 0.000168
20051, 0.000168
20056, 0.000168
20060, 0.000168
20064, 0.000167
20069, 0.000167
20073, 0.000167
20077, 0.000167
20081, 0.000167
20086, 0.000167
20090, 0.000167
20094, 0.000167
20099, 0.000167
20103, 0.000167
20107, 0.000167
20111, 0.000167
20116, 0.000167
20120, 0.000167
20124, 0.000167
20129, 0.000167
20133, 0.000167
20137, 0.000167
20142, 0.000167
20146, 0.000167
20150, 0.000167
20154, 0.000167
20159, 0.000167
20163, 0.000167
20167, 0.000167
20172, 0.000167
20176, 0.000167
20180, 0.000167
20184, 0.000166
20189, 0.000166
20193, 0.000166
20197, 0.000166
20202, 0.000166
20206, 0.000166
20210, 0.000166
20215, 0.000166
20219, 0.000166
20223, 0.000166
20227, 0.000166
20232, 0.000166
20236, 0.000166
20240, 0.000166
20245, 0.000166
20249, 0.000166
20253, 0.000166
20257, 0.000166
20262, 0.000166
20266, 0.000166
20270, 0.000166
20275, 0.000166
20279, 0.000166
20283, 0.000166
20288, 0.000166
20292, 0.000166
20296, 0.000166
20300, 0.000166
20305, 0.000166
20309, 0.000165
20313, 0.000165
20318, 0.000165
20322, 0.000165
20326, 0.000165
20330, 0.000165
20335, 0.000165
20339, 0.000165
20343, 0.000165
20348, 0.000165
20352, 0.000165
20356, 0.000165
20361, 0.000165
20365, 0.000165
20369, 0.000165
20373, 0.000165
20378, 0.000165
20382, 0.000165
20386, 0.000165
20391, 0.000165
20395, 0.000165
20399, 0.000165
20403, 0.000165
20408, 0.000165
20412, 0.000165
20416, 0.000165
20421, 0.000165
20425, 0.000165
20429, 0.000165
20434, 0.000164
20438, 0.000164
20442, 0.000164
20446, 0.000164
20451, 0.000164
20455, 0.000164
20459, 0.000164
20464, 0.000164
20468, 0.000164
20472, 0.000164
20476, 0.000164
20481, 0.000164
20485, 0.000164
20489, 0.000164
20494, 0.000164
20498, 0.000164
20502, 0.000164
20507, 0.000164
20511, 0.000164
20515, 0.000164
20519, 0.000164
20524, 0.000164
20528, 0.000164
20532, 0.000164
20537, 0.000164
20541, 0.000164
20545, 0.000164
20549, 0.000164
20554, 0.000163
20558, 0.000163
20562, 0.000163
20567, 0.000163
20571, 0.000163
20575, 0.000163
20580, 0.000163
20584, 0.000163
20588, 0.000163
20592, 0.000163
20597, 0.000163
20601, 0.000163
20605, 0.000163
20610, 0.000163
20614, 0.000163
20618, 0.000163
20622, 0.000163
20627, 0.000163
20631, 0.000163
20635, 0.000163
20640, 0.000163
20644, 0.000163
20648, 0.000163
20653, 0.000163
20657, 0.000163
20661, 0.000163
20665, 0.000163
20670, 0.000163
20674, 0.000163
20678, 0.000162
20683, 0.000162
20687, 0.000162
20691, 0.000162
20695, 0.000162
20700, 0.000162
20704, 0.000162
20708, 0.000162
20713, 0.000162
20717, 0.000162
20721, 0.000162
20726, 0.000162
20730, 0.000162
20734, 0.000162
20738, 0.000162
20743, 0.000162
20747, 0.000162
20751, 0.000162
20756, 0.000162
20760, 0.000162
20764, 0.000162
20768, 0.000162
20773, 0.000162
20777, 0.000162
20781, 0.000162
20786, 0.000162
20790, 0.000162
20794, 0.000162
20798, 0.000162
20803, 0.000161
20807, 0.000161
20811, 0.000161
20816, 0.000161
20820, 0.000161
20824, 0.000161
20829, 0.000161
20833, 0.000161
20837, 0.000161
20841, 0.000161
20846, 0.000161
20850, 0.000161
20854, 0.000161
20859, 0.000161
20863, 0.000161
20867, 0.000161
20871, 0.000161
20876, 0.000161
20880, 0.000161
20884, 0.000161
20889, 0.000161
20893, 0.000161
20897, 0.000161
20902, 0.000161
20906, 0.000161
20910, 0.000161
20914, 0.000161
20919, 0.000161
20923, 0.000160
20927, 0.000160
20932, 0.000160
20936, 0.000160
20940, 0.000160
20944, 0.000160
20949, 0.000160
20953, 0.000160
20957, 0.000160
20962, 0.000160
20966, 0.000160
20970, 0.000160
20975, 0.000160
20979, 0.000160
20983, 0.000160
20987, 0.000160
20992, 0.000160
20996, 0.000160
21000, 0.000160
21005, 0.000160
21009, 0.000160
21013, 0.000160
21017, 0.000160
21022, 0.000160
21026, 0.000160
21030, 0.000160
21035, 0.000160
21039, 0.000160
21043, 0.000160
21048, 0.000160
21052, 0.000159
21056, 0.000159
21060, 0.000159
21065, 0.000159
21069, 0.000159
21073, 0.000159
21078, 0.000159
21082, 0.000159
21086, 0.000159
21090, 0.000159
21095, 0.000159
21099, 0.000159
21103, 0.000159
21108, 0.000159
21112, 0.000159
21116, 0.000159
21121, 0.000159
21125, 0.000159
21129, 0.000159
21133, 0.000159
21138, 0.000159
21142, 0.000159
21146, 0.000159
21151, 0.000159
21155, 0.000159
21159, 0.000159
21163, 0.000159
21168, 0.000159
21172, 0.000159
21176, 0.000159
21181, 0.000158
21185, 0.000158
21189, 0.000158
21194, 0.000158
21198, 0.000158
21202, 0.000158
21206, 0.000158
21211, 0.000158
21215, 0.000158
21219, 0.000158
21224, 0.000158
21228, 0.000158
21232, 0.000158
21236, 0.000158
21241, 0.000158
21245, 0.000158
21249, 0.000158
21254, 0.000158
21258, 0.000158
21262, 0.000158
21267, 0.000158
21271, 0.000158
21275, 0.000158
21279, 0.000158
21284, 0.000158
21288, 0.000158
21292, 0.000158
21297, 0.000158
21301, 0.000158
21305, 0.000158
21309, 0.000158
21314, 0.000157
21318, 0.000157
21322, 0.000157
21327, 0.000157
21331, 0.000157
21335, 0.000157
21340, 0.000157
21344, 0.000157
21348, 0.000157
21352, 0.000157
21357, 0.000157
21361, 0.000157
21365, 0.000157
21370, 0.000157
21374, 0.000157
21378, 0.000157
21382, 0.000157
21387, 0.000157
21391, 0.000157
21395, 0.000157
21400, 0.000157
21404, 0.000157
21408, 0.000157
21413, 0.000157
21417, 0.000157
21421, 0.000157
21425, 0.000157
21430, 0.000157
21434, 0.000157
21438, 0.000157
21443, 0.000156
21447, 0.000156
21451, 0.000156
21455, 0.000156
21460, 0.000156
21464, 0.000156
21468, 0.000156
21473, 0.000156
21477, 0.000156
21481, 0.000156
21486, 0.000156
21490, 0.000156
21494, 0.000156
21498, 0.000156
21503, 0.000156
21507, 0.000156
21511, 0.000156
21516, 0.000156
21520, 0.000156
21524, 0.000156
21528, 0.000156
21533, 0.000156
21537, 0.000156
21541, 0.000156
21546, 0.000156
21550, 0.000156
21554, 0.000156
21558, 0.000156
21563, 0.000156
21567, 0.000156
21571, 0.000156
21576, 0.000156
21580, 0.000155
21584, 0.000155
21589, 0.000155
21593, 0.000155
21597, 0.000155
21601, 0.000155
21606, 0.000155
21610, 0.000155
21614, 0.000155
21619, 0.000155
21623, 0.000155
21627, 0.000155
21631, 0.000155
21636, 0.000155
21640, 0.000155
21644, 0.000155
21649, 0.000155
21653, 0.000155
21657, 0.000155
21662, 0.000155
21666, 0.000155
21670, 0.000155
21674, 0.000155
21679, 0.000155
21683, 0.000155
21687, 0.000155
21692, 0.000155
21696, 0.000155
21700, 0.000155
21704, 0.000155
21709, 0.000155
21713, 0.000155
21717, 0.000155
21722, 0.000154
21726, 0.000154
21730, 0.000154
21735, 0.000154
21739, 0.000154
21743, 0.000154
21747, 0.000154
21752, 0.000154
21756, 0.000154
21760, 0.000154
21765, 0.000154
21769, 0.000154
21773, 0.000154
21777, 0.000154
21782, 0.000154
21786, 0.000154
21790, 0.000154
21795, 0.000154
21799, 0.000154
21803, 0.000154
21808, 0.000154
21812, 0.000154
21816, 0.000154
21820, 0.000154
21825, 0.000154
21829, 0.000154
21833, 0.000154
21838, 0.000154
21842, 0.000154
21846, 0.000154
21850, 0.000154
21855, 0.000154
21859, 0.000154
21863, 0.000154
21868, 0.000153
21872, 0.000153
21876, 0.000153
21881, 0.000153
21885, 0.000153
21889, 0.000153
21893, 0.000153
21898, 0.000153
21902, 0.000153
21906, 0.000153
21911, 0.000153
21915, 0.000153
21919, 0.000153
21923, 0.000153
21928, 0.000153
21932, 0.000153
21936, 0.000153
21941, 0.000153
21945, 0.000153
21949, 0.000153
21954, 0.000153
21958, 0.000153
21962, 0.000153
21966, 0.000153
21971, 0.000153
21975, 0.000153
21979, 0.000153
21984, 0.000153
21988, 0.000153
21992, 0.000153
21996, 0.000153
22001, 0.000153
22005, 0.000153
22009, 0.000153
22014, 0.000153
22018, 0.000153
22022, 0.000152
22027, 0.000152
22031, 0.000152
22035, 0.000152
22039, 0.000152
22044, 0.000152
22048, 0.000152
22052, 0.000152
22057, 0.000152
22061, 0.000152
22065, 0.000152
22069, 0.000152
22074, 0.000152
22078, 0.000152
22082, 0.000152
22087, 0.000152
22091, 0.000152
22095, 0.000152
22100, 0.000152
22104, 0.000152
22108, 0.000152
22112, 0.000152
22117, 0.000152
22121, 0.000152
22125, 0.000152
22130, 0.000152
22134, 0.000152
22138, 0.000152
22142, 0.000152
22147, 0.000152
22151, 0.000152
22155, 0.000152
22160, 0.000152
22164, 0.000152
22168, 0.000152
22173, 0.000152
22177, 0.000152
22181, 0.000152
22185, 0.000152
22190, 0.000151
22194, 0.000151
22198, 0.000151
22203, 0.000151
22207, 0.000151
22211, 0.000151
22215, 0.000151
22220, 0.000151
22224, 0.000151
22228, 0.000151
22233, 0.000151
22237, 0.000151
22241, 0.000151
22245, 0.000151
22250, 0.000151
22254, 0.000151
22258, 0.000151
22263, 0.000151
22267, 0.000151
22271, 0.000151
22276, 0.000151
22280, 0.000151
22284, 0.000151
22288, 0.000151
22293, 0.000151
22297, 0.000151
22301, 0.000151
22306, 0.000151
22310, 0.000151
22314, 0.000151
22318, 0.000151
22323, 0.000151
22327, 0.000151
22331, 0.000151
22336, 0.000151
22340, 0.000151
22344, 0.000151
22349, 0.000151
22353, 0.000151
22357, 0.000151
22361, 0.000150
22366, 0.000150
22370, 0.000150
22374, 0.000150
22379, 0.000150
22383, 0.000150
22387, 0.000150
22391, 0.000150
22396, 0.000150
22400, 0.000150
22404, 0.000150
22409, 0.000150
22413, 0.000150
22417, 0.000150
22422, 0.000150
22426, 0.000150
22430, 0.000150
22434, 0.000150
22439, 0.000150
22443, 0.000150
22447, 0.000150
22452, 0.000150
22456, 0.000150
22460, 0.000150
22464, 0.000150
22469, 0.000150
22473, 0.000150
22477, 0.000150
22482, 0.000150
22486, 0.000150
22490, 0.000150
22495, 0.000150
22499, 0.000150
22503, 0.000150
22507, 0.000150
22512, 0.000150
22516, 0.000150
22520, 0.000150
22525, 0.000150
22529, 0.000150
22533, 0.000150
22537, 0.000150
22542, 0.000150
22546, 0.000150
22550, 0.000150
22555, 0.000149
22559, 0.000149
22563, 0.000149
22568, 0.000149
22572, 0.000149
22576, 0.000149
22580, 0.000149
22585, 0.000149
22589, 0.000149
22593, 0.000149
22598, 0.000149
22602, 0.000149
22606, 0.000149
22610, 0.000149
22615, 0.000149
22619, 0.000149
22623, 0.000149
22628, 0.000149
22632, 0.000149
22636, 0.000149
22641, 0.000149
22645, 0.000149
22649, 0.000149
22653, 0.000149
22658, 0.000149
22662, 0.000149
22666, 0.000149
22671, 0.000149
22675, 0.000149
22679, 0.000149
22683, 0.000149
22688, 0.000149
22692, 0.000149
22696, 0.000149
22701, 0.000149
22705, 0.000149
22709, 0.000149
22714, 0.000149
22718, 0.000149
22722, 0.000149
22726, 0.000149
22731, 0.000149
22735, 0.000149
22739, 0.000149
22744, 0.000149
22748, 0.000149
22752, 0.000149
22756, 0.000149
22761, 0.000149
22765, 0.000148
22769, 0.000148
22774, 0.000148
22778, 0.000148
22782, 0.000148
22787, 0.000148
22791, 0.000148
22795, 0.000148
22799, 0.000148
22804, 0.000148
22808, 0.000148
22812, 0.000148
22817, 0.000148
22821, 0.000148
22825, 0.000148
22829, 0.000148
22834, 0.000148
22838, 0.000148
22842, 0.000148
22847, 0.000148
22851, 0.000148
22855, 0.000148
22860, 0.000148
22864, 0.000148
22868, 0.000148
22872, 0.000148
22877, 0.000148
22881, 0.000148
22885, 0.000148
22890, 0.000148
22894, 0.000148
22898, 0.000148
22902, 0.000148
22907, 0.000148
22911, 0.000148
22915, 0.000148
22920, 0.000148
22924, 0.000148
22928, 0.000148
22932, 0.000148
22937, 0.000148
22941, 0.000148
22945, 0.000148
22950, 0.000148
22954, 0.000148
22958, 0.000148
22963, 0.000148
22967, 0.000148
22971, 0.000148
22975, 0.000148
22980, 0.000148
22984, 0.000148
22988, 0.000148
22993, 0.000148
22997, 0.000148
23001, 0.000148
23005, 0.000148
23010, 0.000148
23014, 0.000148
23018, 0.000148
23023, 0.000148
23027, 0.000147
23031, 0.000147
23036, 0.000147
23040, 0.000147
23044, 0.000147
23048, 0.000147
23053, 0.000147
23057, 0.000147
23061, 0.000147
23066, 0.000147
23070, 0.000147
23074, 0.000147
23078, 0.000147
23083, 0.000147
23087, 0.000147
23091, 0.000147
23096, 0.000147
23100, 0.000147
23104, 0.000147
23109, 0.000147
23113, 0.000147
23117, 0.000147
23121, 0.000147
23126, 0.000147
23130, 0.000147
23134, 0.000147
23139, 0.000147
23143, 0.000147
23147, 0.000147
23151, 0.000147
23156, 0.000147
23160, 0.000147
23164, 0.000147
23169, 0.000147
23173, 0.000147
23177, 0.000147
23182, 0.000147
23186, 0.000147
23190, 0.000147
23194, 0.000147
23199, 0.000147
23203, 0.000147
23207, 0.000147
23212, 0.000147
23216, 0.000147
23220, 0.000147
23224, 0.000147
23229, 0.000147
23233, 0.000147
23237, 0.000147
23242, 0.000147
23246, 0.000147
23250, 0.000147
23255, 0.000147
23259, 0.000147
23263, 0.000147
23267, 0.000147
23272, 0.000147
23276, 0.000147
23280, 0.000147
23285, 0.000147
23289, 0.000147
23293, 0.000147
23297, 0.000147
23302, 0.000147
23306, 0.000147
23310, 0.000147
23315, 0.000147
23319, 0.000147
23323, 0.000147
23328, 0.000147
23332, 0.000147
23336, 0.000147
23340, 0.000147
23345, 0.000147
23349, 0.000147
23353, 0.000147
23358, 0.000147
23362, 0.000147
23366, 0.000146
23370, 0.000147
23375, 0.000146
23379, 0.000146
23383, 0.000146
23388, 0.000146
23392, 0.000146
23396, 0.000146
23401, 0.000146
23405, 0.000146
23409, 0.000146
23413, 0.000146
23418, 0.000146
23422, 0.000146
23426, 0.000146
23431, 0.000146
23435, 0.000146
23439, 0.000146
23443, 0.000146
23448, 0.000146
23452, 0.000146
23456, 0.000146
23461, 0.000146
23465, 0.000146
23469, 0.000146
23474, 0.000146
23478, 0.000146
23482, 0.000146
23486, 0.000146
23491, 0.000146
23495, 0.000146
23499, 0.000146
23504, 0.000146
23508, 0.000146
23512, 0.000146
23516, 0.000146
23521, 0.000146
23525, 0.000146
23529, 0.000146
23534, 0.000146
23538, 0.000146
23542, 0.000146
23547, 0.000146
23551, 0.000146
23555, 0.000146
23559, 0.000146
23564, 0.000146
23568, 0.000146
23572, 0.000146
23577, 0.000146
23581, 0.000146
23585, 0.000146
23589, 0.000146
23594, 0.000146
23598, 0.000146
23602, 0.000146
23607, 0.000146
23611, 0.000146
23615, 0.000146
23620, 0.000146
23624, 0.000146
23628, 0.000146
23632, 0.000146
23637, 0.000146
23641, 0.000146
23645, 0.000146
23650, 0.000146
23654, 0.000146
23658, 0.000146
23662, 0.000146
23667, 0.000146
23671, 0.000146
23675, 0.000146
23680, 0.000146
23684, 0.000146
23688, 0.000146
23692, 0.000146
23697, 0.000146
23701, 0.000146
23705, 0.000146
23710, 0.000146
23714, 0.000146
23718, 0.000146
23723, 0.000146
23727, 0.000146
23731, 0.000146
23735, 0.000146
23740, 0.000146
23744, 0.000146
23748, 0.000146
23753, 0.000146
23757, 0.000146
23761, 0.000146
23765, 0.000146
23770, 0.000146
23774, 0.000146
23778, 0.000146
23783, 0.000146
23787, 0.000146
23791, 0.000146
23796, 0.000146
23800, 0.000146
23804, 0.000146
23808, 0.000146
23813, 0.000146
23817, 0.000146
23821, 0.000146
23826, 0.000146
23830, 0.000146
23834, 0.000146
23838, 0.000146
23843, 0.000146
23847, 0.000146
23851, 0.000146
23856, 0.000146
23860, 0.000146
23864, 0.000146
23869, 0.000146
23873, 0.000146
23877, 0.000146
23881, 0.000146
23886, 0.000146
23890, 0.000146
23894, 0.000146
23899, 0.000146
23903, 0.000146
23907, 0.000146
23911, 0.000146
23916, 0.000146
23920, 0.000146
23924, 0.000146
23929, 0.000146
23933, 0.000146
23937, 0.000146
23942, 0.000146
23946, 0.000146
23950, 0.000146
23954, 0.000146
23959, 0.000146
23963, 0.000146
23967, 0.000146
23972, 0.000146
23976, 0.000146
23980, 0.000146
23984, 0.000146
23989, 0.000146
23993, 0.000146
